id,project_name,contract_name,contract_amount,buyer,supplier,procurement_method
1,信息公告,信息公告,,未知,未知,公开招标
2,中山大学航空航天学院空间装备精密基准校验平台单元采购项目,中山大学航空航天学院空间装备精密基准校验平台单元采购项目,2386.8,中山大学,未知,公开招标
3,2025年超长期特别国债医疗设备（双能X射线骨密度仪）,2025年超长期特别国债医疗设备（双能X射线骨密度仪）,117.8,泸州市中医医院,未知,公开招标
4,2025年超长期特别国债医疗设备（数字化医用X射线摄影系统（DR））,2025年超长期特别国债医疗设备（数字化医用X射线摄影系统（DR））,107.0,泸州市中医医院,未知,公开招标
5,诸暨市老旧房屋动态监测服务采购,诸暨市老旧房屋动态监测服务采购,600.0,诸暨市住房和城乡建设局,未知,公开招标
6,腹腔镜及配套设备采购,腹腔镜及配套设备采购,260.0,辽宁省肿瘤医院,未知,公开招标
7,部分省道桥梁定期检查一标,部分省道桥梁定期检查一标,207.0,上海市道路运输事业发展中心,未知,公开招标
8,福建省环境监测中心站应急监测能力提升项目,福建省环境监测中心站应急监测能力提升项目,190.5,福建省环境监测中心站,未知,公开招标
9,超长期国债高水平公共研究平台设备更新项目-中医药创新研究科研平台创研采购项目1(二次),超长期国债高水平公共研究平台设备更新项目-中医药创新研究科研平台创研采购项目1(二次),1708.0,成都中医药大学,未知,公开招标
10,宁夏回族自治区森林病虫防治检疫总站宁夏林业有害生物监测预警及应急防控体系能力提升更新补充采购项目,宁夏回族自治区森林病虫防治检疫总站宁夏林业有害生物监测预警及应急防控体系能力提升更新补充采购项目,91.95,宁夏回族自治区森林病虫防治检疫总站,未知,公开招标
11,绩效智算中心预算绩效数据治理服务(二次),绩效智算中心预算绩效数据治理服务(二次),28.5,四川财经职业学院,未知,公开招标
12,天津大学精密仪器与光电子工程学院低压化学气相沉积采购项目（第三次）,天津大学精密仪器与光电子工程学院低压化学气相沉积采购项目（第三次）,140.0,天津大学,未知,公开招标
13,玉溪市公立医院改革与高质量发展示范项目--红塔区紧密型县域医共体医疗卫生服务能力提升项目有创呼吸机等设备采购,玉溪市公立医院改革与高质量发展示范项目--红塔区紧密型县域医共体医疗卫生服务能力提升项目有创呼吸机等设备采购,264.25,玉溪市红塔区医疗共同体,未知,公开招标
14,曲靖市沾益区花山街道中心幼儿园教玩具、厨房设备采购（二次）,曲靖市沾益区花山街道中心幼儿园教玩具、厨房设备采购（二次）,88.26,曲靖市沾益区花山街道中心学校,未知,公开招标
15,四川省人工影响天气水资源保障工程人工影响天气指挥能力建设音视频调度服务系统建设(二次),四川省人工影响天气水资源保障工程人工影响天气指挥能力建设音视频调度服务系统建设(二次),1080.0,四川省人工影响天气办公室,未知,公开招标
16,石嘴山市公安局大武口区分局及派出所食堂食材集中配送项目第一标包,石嘴山市公安局大武口区分局及派出所食堂食材集中配送项目第一标包,42.0,石嘴山市公安局大武口区分局,未知,公开招标
17,察布查尔锡伯自治县人民医院数据中心基础设备项目,察布查尔锡伯自治县人民医院数据中心基础设备项目,600.0,察布查尔锡伯自治县人民医院,未知,公开招标
18,2026年龙岩市政务云服务项目,2026年龙岩市政务云服务项目,1350.0,龙岩市大数据中心,未知,公开招标
19,江海区礼乐中学保安及宿管服务采购项目招标公告,江海区礼乐中学保安及宿管服务采购项目招标公告,,未知,未知,公开招标
20,购买医疗制氧系统,购买医疗制氧系统,33.0,广元市利州区大石镇卫生院,未知,公开招标
21,博士后公寓家电采购,博士后公寓家电采购,114.0,武汉理工大学,未知,公开招标
22,宜昌市12345热线运营项目第二次,宜昌市12345热线运营项目第二次,137.7,宜昌市城市运行管理中心,未知,公开招标
23,江门市财政局职工食堂食材配送服务项目招标公告,江门市财政局职工食堂食材配送服务项目招标公告,,未知,未知,公开招标
24,西吉县机关事务服务中心 2025年-2026年1号餐厅、2号餐厅食材采购项目（一至三标段）,西吉县机关事务服务中心 2025年-2026年1号餐厅、2号餐厅食材采购项目（一至三标段）,130.0,西吉县机关事务服务中心,未知,公开招标
25,凤庆县应急管理局登高平台消防车采购项目,凤庆县应急管理局登高平台消防车采购项目,236.0,凤庆县应急管理局,未知,公开招标
26,牟定县人民医院全民健康管护体系建设--全民健康筛查管理系统、硬件及软件服务采购项目,牟定县人民医院全民健康管护体系建设--全民健康筛查管理系统、硬件及软件服务采购项目,160.0,牟定县人民医院,未知,公开招标
27,西吉县机关事务服务中心 2025年-2026年1号餐厅、2号餐厅食材采购项目（四至五标段）,西吉县机关事务服务中心 2025年-2026年1号餐厅、2号餐厅食材采购项目（四至五标段）,50.0,西吉县机关事务服务中心,未知,公开招标
28,嘉定区妇幼保健院产后健康管理病区月嫂服务,嘉定区妇幼保健院产后健康管理病区月嫂服务,216.8,上海市嘉定区妇幼保健院,未知,公开招标
29,嘉闵高架定期检查一标,嘉闵高架定期检查一标,162.0,上海市道路运输事业发展中心,未知,公开招标
30,夏阳街道文体分中心、司法所、征收办物业管理服务项目,夏阳街道文体分中心、司法所、征收办物业管理服务项目,121.88,上海市青浦区人民政府夏阳街道办事处,未知,公开招标
31,北翟、崧泽高架定期检查,北翟、崧泽高架定期检查,136.0,上海市道路运输事业发展中心,未知,公开招标
32,夏阳街道办事处物业管理服务项目,夏阳街道办事处物业管理服务项目,188.0,上海市青浦区人民政府夏阳街道办事处,未知,公开招标
33,林州市交通运输综合行政执法大队林州市治超非现场执法系统后期运维服务项目,林州市交通运输综合行政执法大队林州市治超非现场执法系统后期运维服务项目,619.2,林州市交通运输综合行政执法大队,未知,公开招标
34,南通市经济技术开发区新一代电子政务外网建设项目,南通市经济技术开发区新一代电子政务外网建设项目,528.0,南通市经济技术开发区管理委员会办公室（本级）,未知,公开招标
35,图书馆2026年中文纸质图书,图书馆2026年中文纸质图书,90.0,重庆师范大学,未知,公开招标
36,整体搬迁项目污水处理站设备及安装服务采购项目,整体搬迁项目污水处理站设备及安装服务采购项目,236.0,贵港市中西医结合骨科医院,未知,公开招标
37,昆明医科大学第二附属医院3D4K荧光三合一影像系统等设备采购项目,昆明医科大学第二附属医院3D4K荧光三合一影像系统等设备采购项目,280.0,昆明医科大学第二附属医院,未知,公开招标
38,昆明医科大学第二附属医院危重孕产妇救治中心建设设备采购项目二,昆明医科大学第二附属医院危重孕产妇救治中心建设设备采购项目二,89.6,昆明医科大学第二附属医院,未知,公开招标
39,昆明医科大学第二附属医院血气电解质分析仪等设备采购项目,昆明医科大学第二附属医院血气电解质分析仪等设备采购项目,46.5,昆明医科大学第二附属医院,未知,公开招标
40,2026年春节元宵灯光亮化项目,2026年春节元宵灯光亮化项目,75.0,水富市综合行政执法局,未知,公开招标
41,2026年度区级社会工作服务指导中心及各街道（乡镇）社会工作服务站运营项目,2026年度区级社会工作服务指导中心及各街道（乡镇）社会工作服务站运营项目,200.0,武汉市新洲区民政局,未知,公开招标
42,海南省统计大数据平台2025年升级改造项目,海南省统计大数据平台2025年升级改造项目,397.43,海南省统计局资料管理中心,未知,公开招标
43,宜昌市12345热线运营项目第二次,宜昌市12345热线运营项目第二次,641.1,宜昌市城市运行管理中心,未知,公开招标
44,激光和脉冲光工作站等医疗设备(二次),激光和脉冲光工作站等医疗设备(二次),197.3,福建医科大学附属第二医院,未知,公开招标
45,咸宁市第一人民医院全院医疗设备整体维保服务项目,咸宁市第一人民医院全院医疗设备整体维保服务项目,885.0,咸宁市第一人民医院,未知,公开招标
46,孝昌县环卫设施设备更新项目（一期）四标段,孝昌县环卫设施设备更新项目（一期）四标段,938.3,孝昌县城市管理执法局本级,未知,公开招标
47,西南交通大学犀浦校区环境与生物材料交叉技术创新中心第三方检测服务采购项目（第二次）,西南交通大学犀浦校区环境与生物材料交叉技术创新中心第三方检测服务采购项目（第二次）,220.69,西南交通大学,未知,公开招标
48,南京鼓楼医院集成应用门户系统,南京鼓楼医院集成应用门户系统,30.0,南京鼓楼医院,未知,公开招标
49,花果山水帘洞内多维体验营造项目,花果山水帘洞内多维体验营造项目,1350.0,连云港市花果山风景区管理处（本级）,未知,公开招标
50,江苏省省级机关医院中药饮片及代煎服务项目,江苏省省级机关医院中药饮片及代煎服务项目,5286.0,江苏省省级机关医院,未知,公开招标
51,2025年儿科医疗服务能力建设基础医疗设备采购项目(二次),2025年儿科医疗服务能力建设基础医疗设备采购项目(二次),51.45,眉山市人民医院,未知,公开招标
52,中山市坦洲人民医院（中山市中西医结合医院）外送检验及病理共建服务采购项目(五次)公开招标公告,中山市坦洲人民医院（中山市中西医结合医院）外送检验及病理共建服务采购项目(五次)公开招标公告,,未知,未知,公开招标
53,2026年度实验材料及办公用品政府采购提前采购项目,2026年度实验材料及办公用品政府采购提前采购项目,600.0,四川省药品检验研究院（四川省医疗器械检测中心、四川养麝研究所）,未知,公开招标
54,海原县教育体育局2025年海原县薄弱环节改善和能力提升设备采购项目(二)四标段,海原县教育体育局2025年海原县薄弱环节改善和能力提升设备采购项目(二)四标段,1122.5,海原县教育体育局,未知,公开招标
55,中国科学院深圳先进技术研究院实验动物服务采购项目,中国科学院深圳先进技术研究院实验动物服务采购项目,695.0,中国科学院深圳先进技术研究院,未知,公开招标
56,2026年厅政府网站运行维护与内容监测服务,2026年厅政府网站运行维护与内容监测服务,103.0,四川省交通运输厅信息中心,未知,公开招标
57,南宁市城市更新规划（2025-2030年）,南宁市城市更新规划（2025-2030年）,776.84,南宁市住房和城乡建设局,未知,公开招标
58,电子鼻咽喉镜,电子鼻咽喉镜,105.0,秦皇岛市第一医院,未知,公开招标
59,保定市市级成品粮油储备承储服务项目,保定市市级成品粮油储备承储服务项目,85.5,保定市发展和改革委员会本级,未知,公开招标
60,保定市“好房子”优选地块及2025年度“土地云选”平台运维工作项目,保定市“好房子”优选地块及2025年度“土地云选”平台运维工作项目,168.0,保定市土地储备中心,未知,公开招标
61,百色市田阳区环卫清扫保洁政府购买服务项目,百色市田阳区环卫清扫保洁政府购买服务项目,9535.89,百色市田阳区城市管理监督局,未知,公开招标
62,顺昌县2025年第三期死亡松树专业化除害处理服务采购项目,顺昌县2025年第三期死亡松树专业化除害处理服务采购项目,198.0,顺昌县林业局,未知,公开招标
63,庆阳市人民医院数字化医用X线摄影系统等医疗设备采购项目(二次),庆阳市人民医院数字化医用X线摄影系统等医疗设备采购项目(二次),299.0,庆阳市人民医院,未知,公开招标
64,保山市隆阳区2026年校园学生食堂大宗食品及配送服务采购,保山市隆阳区2026年校园学生食堂大宗食品及配送服务采购,4186.95,保山市隆阳区教育体育局,未知,公开招标
65,弥渡县中医医院医疗设备维修保养服务采购项目,弥渡县中医医院医疗设备维修保养服务采购项目,120.0,弥渡县中医医院,未知,公开招标
66,元谋县第一人民医院洗涤外包社会化服务采购项目,元谋县第一人民医院洗涤外包社会化服务采购项目,160.0,元谋县第一人民医院,未知,公开招标
67,曲靖市中医医院磁刺激仪等设备采购项目,曲靖市中医医院磁刺激仪等设备采购项目,186.5,曲靖市中医医院,未知,公开招标
68,2025年韶关市卫生健康系统医用设备采购项目（第二批）-彩色超声诊断系统采购项目招标公告,2025年韶关市卫生健康系统医用设备采购项目（第二批）-彩色超声诊断系统采购项目招标公告,,未知,未知,公开招标
69,2026年长期护理保险护理耗材第三方配送和辅具适配租赁服务项目,2026年长期护理保险护理耗材第三方配送和辅具适配租赁服务项目,320.0,汉中市医疗保障局,未知,公开招标
70,2025年黄冈市公安局刑事技术专业耗材第二次,2025年黄冈市公安局刑事技术专业耗材第二次,280.32,黄冈市公安局本级,未知,公开招标
71,湖北省直属机关医院医疗设备采购,湖北省直属机关医院医疗设备采购,134.0,湖北省直属机关医院,未知,公开招标
72,顺义区文化中心运营项目-保安服务,顺义区文化中心运营项目-保安服务,202.0,北京市顺义区文化和旅游局本级,未知,公开招标
73,国家统计局四川调查总队四川省第四次全国农业普查农作物种植用地和设施农业遥感测量服务,国家统计局四川调查总队四川省第四次全国农业普查农作物种植用地和设施农业遥感测量服务,563.0,国家统计局四川调查总队,未知,公开招标
74,祥云县公安局“天眼卫士”公共视频监控采购项目,祥云县公安局“天眼卫士”公共视频监控采购项目,113.0,祥云县公安局,未知,公开招标
75,杭州市富阳中医骨伤医院柴油采购项目（2026年度）,杭州市富阳中医骨伤医院柴油采购项目（2026年度）,600.0,杭州市富阳中医骨伤医院,未知,公开招标
76,2025年扩大学前教育资源奖补设备采购项目（重）,2025年扩大学前教育资源奖补设备采购项目（重）,630.86,南宁市江南区教育局,未知,公开招标
77,普宁市中医医院医疗护理辅助服务项目（第二次）招标公告,普宁市中医医院医疗护理辅助服务项目（第二次）招标公告,,未知,未知,公开招标
78,竹山县医共体公共卫生医疗救治综合能力提升项目（健康管理中心及医养康复中心（中医药服务能力提升）二期建设项目）（设备采购及安装）,竹山县医共体公共卫生医疗救治综合能力提升项目（健康管理中心及医养康复中心（中医药服务能力提升）二期建设项目）（设备采购及安装）,728.32,竹山县中医医院,未知,公开招标
79,孝昌县环卫设施设备更新项目（一期）三标段,孝昌县环卫设施设备更新项目（一期）三标段,1058.0,孝昌县城市管理执法局本级,未知,公开招标
80,2026年食品重点实验室分析类采购项目,2026年食品重点实验室分析类采购项目,146.0,四川农业大学,未知,公开招标
81,广州民航职业技术学院飞机维修工程学院教学实训系统建设项目,广州民航职业技术学院飞机维修工程学院教学实训系统建设项目,105.0,广州民航职业技术学院,未知,公开招标
82,标准化示范基地网络服务平台建设(三次),标准化示范基地网络服务平台建设(三次),19.0,四川轻化工大学,未知,公开招标
83,超高时空组学显微成像系统,超高时空组学显微成像系统,310.0,上海交通大学医学院,未知,公开招标
84,福州市鼓楼区2025-2028年夜景灯光设施维护管养服务项目,福州市鼓楼区2025-2028年夜景灯光设施维护管养服务项目,460.1,福州市鼓楼区景观综合整治管理中心,未知,公开招标
85,诏安县城市更新技术咨询项目,诏安县城市更新技术咨询项目,300.0,诏安县住房和城乡建设局,未知,公开招标
86,“双高建设”智慧党建管理平台建设项目,“双高建设”智慧党建管理平台建设项目,130.0,昆明幼儿师范高等专科学校,未知,公开招标
87,易门县紧密型县域医共体十街分院2025年医疗卫生综合服务能力提升项目设备购置,易门县紧密型县域医共体十街分院2025年医疗卫生综合服务能力提升项目设备购置,29.98,易门县紧密型医共体总医院,未知,公开招标
88,太原市汾河景区2026年度二期安保服务项目,太原市汾河景区2026年度二期安保服务项目,864.01,太原市汾河景区管理委员会,未知,公开招标
89,2025年甘肃省庆阳市马莲河流域陇东地区生态保护修复和水土流失综合治理项目庆城县人工造乔木林(二次),2025年甘肃省庆阳市马莲河流域陇东地区生态保护修复和水土流失综合治理项目庆城县人工造乔木林(二次),392.2,庆城县林业和草原局,未知,公开招标
90,防灾减灾科学与工程教学实验室项目,防灾减灾科学与工程教学实验室项目,330.0,阿坝师范学院,未知,公开招标
91,广东省重点医院先进医疗设备更新项目（珠三角一）-手术设备（CZ2025-1653）招标公告,广东省重点医院先进医疗设备更新项目（珠三角一）-手术设备（CZ2025-1653）招标公告,,未知,未知,公开招标
92,宁县早胜双通道苹果分拣线建设项目,宁县早胜双通道苹果分拣线建设项目,273.2,宁县果业发展中心,未知,公开招标
93,太原市汾河景区2026年度一期安保服务项目,太原市汾河景区2026年度一期安保服务项目,187.96,太原市汾河景区管理委员会,未知,公开招标
94,新疆维吾尔自治区天山东部国有林管理局2026年小蠹虫受害木采伐清理项目,新疆维吾尔自治区天山东部国有林管理局2026年小蠹虫受害木采伐清理项目,3992.89,新疆维吾尔自治区天山东部国有林管理局,未知,公开招标
95,广东省重点医院先进医疗设备更新项目（珠三角一）-电子消化道内镜系统（CZ2025-1659）招标公告,广东省重点医院先进医疗设备更新项目（珠三角一）-电子消化道内镜系统（CZ2025-1659）招标公告,,未知,未知,公开招标
96,上饶市中心医院病理科耗材、试剂采购项目-A包（病理常用试剂、耗材）（第四次）,上饶市中心医院病理科耗材、试剂采购项目-A包（病理常用试剂、耗材）（第四次）,80.7,上饶市中心医院,未知,公开招标
97,上饶科技中专半军事化管理采购项目,上饶科技中专半军事化管理采购项目,175.35,上饶科技中等专业学校,未知,公开招标
98,江西省洪都监狱2026年罪犯生活物资(净菜)采购及配送项目,江西省洪都监狱2026年罪犯生活物资(净菜)采购及配送项目,1008.5,江西省洪都监狱,未知,公开招标
99,上饶职业技术学院大数据学院数字现代产业学院建设项目,上饶职业技术学院大数据学院数字现代产业学院建设项目,108.47,上饶职业技术学院,未知,公开招标
100,宜丰县中医院医疗自助机系统及智慧共享中药房采购项目（2包）,宜丰县中医院医疗自助机系统及智慧共享中药房采购项目（2包）,116.0,宜丰县中医院,未知,公开招标
101,上饶市公安局广信分局移动警务终端采购,上饶市公安局广信分局移动警务终端采购,174.0,上饶市公安局广信分局,未知,公开招标
102,南昌市西湖区妇幼保健院工程建设项目配套设施设备采购(2号楼配套医疗设备),南昌市西湖区妇幼保健院工程建设项目配套设施设备采购(2号楼配套医疗设备),62.02,南昌市西湖区卫生健康委员会,未知,公开招标
103,赣州市公安局开发区分局2025年机关、黄金派出所等食堂食材采购,赣州市公安局开发区分局2025年机关、黄金派出所等食堂食材采购,300.0,赣州市公安局经开区分局,未知,公开招标
104,宜丰县中医院医疗自助机系统及智慧共享中药房采购项目（1包）,宜丰县中医院医疗自助机系统及智慧共享中药房采购项目（1包）,120.0,宜丰县中医院,未知,公开招标
105,江西水利职业学院白水湖校区多媒体教室及监控改造项目,江西水利职业学院白水湖校区多媒体教室及监控改造项目,400.0,江西水利职业学院,未知,公开招标
106,南昌市洪都中医院采购彩色多普勒超声诊断仪项目,南昌市洪都中医院采购彩色多普勒超声诊断仪项目,400.0,南昌市洪都中医院,未知,公开招标
107,江西水利职业学院湖东校区新馆智能化设备项目,江西水利职业学院湖东校区新馆智能化设备项目,320.0,江西水利职业学院,未知,公开招标
108,泰和县国家储备林建设项目（2025年度人工造林）服务采购,泰和县国家储备林建设项目（2025年度人工造林）服务采购,494.42,泰和县天湖山林场,未知,公开招标
109,体外膜肺机（ECMO）采购项目,体外膜肺机（ECMO）采购项目,220.0,金阳县人民医院,未知,公开招标
110,昭通市中医医院耳鼻喉科、皮肤科等2个科室医疗设备采购,昭通市中医医院耳鼻喉科、皮肤科等2个科室医疗设备采购,312.66,昭通市中医医院,未知,公开招标
111,山西医科大学第一医院妇科超高清腹腔镜系统等设备项目,山西医科大学第一医院妇科超高清腹腔镜系统等设备项目,445.0,山西医科大学第一医院,未知,公开招标
112,2025年医疗设备采购项目第三批,2025年医疗设备采购项目第三批,135.2,古蔺县人民医院,未知,公开招标
113,城固县加油站智慧监管云平台服务项目,城固县加油站智慧监管云平台服务项目,220.0,城固县数据服务中心,未知,公开招标
114,医用气体系统运维托管服务采购项目(三次),医用气体系统运维托管服务采购项目(三次),35.0,内江市中医医院,未知,公开招标
115,中国科学院上海微系统与信息技术研究所离子束刻蚀单元,中国科学院上海微系统与信息技术研究所离子束刻蚀单元,550.0,中国科学院上海微系统与信息技术研究所,未知,公开招标
116,河北省信息工程学校教学环境提升改造项目,河北省信息工程学校教学环境提升改造项目,0.0,河北省信息工程学校,未知,公开招标
117,应急救援和指挥通信装备采购项目（标一）,应急救援和指挥通信装备采购项目（标一）,1177.5,杭州市应急管理局,未知,公开招标
118,沈阳市和平区南京街第一小学（和平大街校区）食材采购,沈阳市和平区南京街第一小学（和平大街校区）食材采购,110.0,沈阳市和平区南京街第一小学,未知,公开招标
119,大足区2025-2028年度公务车辆定点保险服务采购,大足区2025-2028年度公务车辆定点保险服务采购,0.0,重庆市大足区区级机关事务服务中心,未知,公开招标
120,盘锦市公安局警用装备购置项目,盘锦市公安局警用装备购置项目,87.4,盘锦市公安局,未知,公开招标
121,浙江省法人数字证书基础服务采购项目,浙江省法人数字证书基础服务采购项目,2369.75,浙江省经济和信息化厅（本级）,未知,公开招标
122,中国人民银行上海市分行公车驾驶服务外包项目,中国人民银行上海市分行公车驾驶服务外包项目,99.0,中国人民银行上海市分行,未知,公开招标
123,2025年杂交手术室采购项目,2025年杂交手术室采购项目,1510.61,成都市第三人民医院,未知,公开招标
124,云南大学呈贡校区大健康研发中心科研设备项目采购,云南大学呈贡校区大健康研发中心科研设备项目采购,717.04,云南大学,未知,公开招标
125,宣恩县公路事业发展中心专业化养护,宣恩县公路事业发展中心专业化养护,221.22,宣恩县公路事业发展中心,未知,公开招标
126,磨憨—磨丁合作区第一中学食材采购及配送项目,磨憨—磨丁合作区第一中学食材采购及配送项目,230.1,磨憨—磨丁合作区第一中学,未知,公开招标
127,会泽县人民医院神经外科数字减影血管造影X射线机采购项目,会泽县人民医院神经外科数字减影血管造影X射线机采购项目,1000.0,云南省曲靖市会泽县人民医院,未知,公开招标
128,丘北县中医医院智慧医院信息化建设采购项目,丘北县中医医院智慧医院信息化建设采购项目,308.0,丘北县中医医院,未知,公开招标
129,安庆市消防救援支队2025年度灭火救援装备建设项目,安庆市消防救援支队2025年度灭火救援装备建设项目,8.01,安庆市消防救援支队,未知,公开招标
130,2025年第五批医疗设备采购项目,2025年第五批医疗设备采购项目,160.8,成都市第二人民医院,未知,公开招标
131,云南农业大学植物保护实验教学中心专用教学设备采购项目2025-96号,云南农业大学植物保护实验教学中心专用教学设备采购项目2025-96号,121.45,云南农业大学,未知,公开招标
132,广州市番禺区何贤纪念医院检验病理检测服务项目（2026-2029年）招标公告,广州市番禺区何贤纪念医院检验病理检测服务项目（2026-2029年）招标公告,,未知,未知,公开招标
133,阜宁县人民医院HIS信息系统维保采购项目,阜宁县人民医院HIS信息系统维保采购项目,98.0,阜宁县人民医院,未知,公开招标
134,南京鼓楼医院基于大模型的门诊病历质控系统,南京鼓楼医院基于大模型的门诊病历质控系统,46.0,南京鼓楼医院,未知,公开招标
135,滨湖区机关事务管理局2026—2027年度食堂食材配送服务项目,滨湖区机关事务管理局2026—2027年度食堂食材配送服务项目,273.0,无锡市滨湖区机关事务管理局（本级）,未知,公开招标
136,2024年中央政法转移支付资金子项目（健康一体机等一批医疗设备）,2024年中央政法转移支付资金子项目（健康一体机等一批医疗设备）,58.75,苏州市公安局,未知,公开招标
137,超高清胃肠镜系统等一批医疗设备采购项目招标公告,超高清胃肠镜系统等一批医疗设备采购项目招标公告,,未知,未知,公开招标
138,徐圩新区2026-2028年政策性农业保险服务,徐圩新区2026-2028年政策性农业保险服务,492.39,国家东中西区域合作示范区（连云港徐圩新区）社会事业局本级,未知,公开招标
139,黑龙江省高级人民法院第二办公区安检设备采购招标公告,黑龙江省高级人民法院第二办公区安检设备采购招标公告,,未知,未知,公开招标
140,2026年校园安保和消控室服务,2026年校园安保和消控室服务,224.0,苏州市实验小学校,未知,公开招标
141,南京鼓楼医院医疗版式云文档中心,南京鼓楼医院医疗版式云文档中心,110.0,南京鼓楼医院,未知,公开招标
142,东太湖水源地水质波动调查诊断,东太湖水源地水质波动调查诊断,709.0,苏州市吴江生态环境局,未知,公开招标
143,邯郸市中医院神经外科手术显微镜,邯郸市中医院神经外科手术显微镜,60.0,邯郸市中医院,未知,公开招标
144,青县城镇环境基础设施更新项目,青县城镇环境基础设施更新项目,4573.0,青县住房和城乡建设局本级,未知,公开招标
145,廊坊市城市管理综合行政执法局物业管理服务项目,廊坊市城市管理综合行政执法局物业管理服务项目,56.09,廊坊市城市管理综合行政执法局本级,未知,公开招标
146,滦平县幼儿园城乡保教质量信息化提升系统,滦平县幼儿园城乡保教质量信息化提升系统,99.96,滦平县教育和体育局本级,未知,公开招标
147,医学美容设备采购项目,医学美容设备采购项目,489.0,衡水市人民医院,未知,公开招标
148,珲春市（含示范区）智慧路灯、数字化升级改造能源托管服务项目（二次公告）,珲春市（含示范区）智慧路灯、数字化升级改造能源托管服务项目（二次公告）,12007.5,珲春市住房和城乡建设局,未知,公开招标
149,庆阳市西峰区北街实验学校西峰区北街实验学校教学楼功能区调整项目（智慧黑板）购置安装招标公告,庆阳市西峰区北街实验学校西峰区北街实验学校教学楼功能区调整项目（智慧黑板）购置安装招标公告,,未知,未知,公开招标
150,医疗设备(YYZB2025-18)采购项目（三次）,医疗设备(YYZB2025-18)采购项目（三次）,800.0,陕西省人民医院,未知,公开招标
151,贵州省贵阳市2025年中央财政国土绿化示范项目(双龙航空港经济区),贵州省贵阳市2025年中央财政国土绿化示范项目(双龙航空港经济区),1414.21,贵州双龙航空港经济区生态环境局,未知,公开招标
152,牟定县整合型老年医学服务体系项目设备采购（第二批）,牟定县整合型老年医学服务体系项目设备采购（第二批）,60.0,牟定县中医医院,未知,公开招标
153,云南省妇幼保健院新院信息化建设项目一期基础设施及办公设备采购项目（第一批）,云南省妇幼保健院新院信息化建设项目一期基础设施及办公设备采购项目（第一批）,1174.67,云南省妇幼保健院,未知,公开招标
154,学生管理及校园安保服务项目,学生管理及校园安保服务项目,300.0,广西理工职业技术学校,未知,公开招标
155,运维项目采购控制价审核,运维项目采购控制价审核,104.83,北京市水利工程管理中心本级,未知,公开招标
156,青羊区司法局司法所2026年社会工作服务,青羊区司法局司法所2026年社会工作服务,150.0,成都市青羊区司法局,未知,公开招标
157,物业管理服务(二次),物业管理服务(二次),31.0,眉山市妇幼保健院,未知,公开招标
158,牡丹江市肿瘤医院医疗设备采购(四次)招标公告,牡丹江市肿瘤医院医疗设备采购(四次)招标公告,,未知,未知,公开招标
159,长江镇江航道处2026年度船舶小修及改造项目,长江镇江航道处2026年度船舶小修及改造项目,171.0,长江南京航道局镇江航道管理处,未知,公开招标
160,绍兴市文化广电旅游局关于2026年度办公用房租赁项目,绍兴市文化广电旅游局关于2026年度办公用房租赁项目,1277.74,绍兴市文化广电旅游局（本级）,未知,公开招标
161,超声类医疗设备采购项目,超声类医疗设备采购项目,1500.0,黔西南布依族苗族自治州人民医院,未知,公开招标
162,三台县2025年制种大县（油菜制种智能化管理）项目,三台县2025年制种大县（油菜制种智能化管理）项目,400.0,三台县农业农村局,未知,公开招标
163,医疗卫生补短板项目医疗设备采购(二次),医疗卫生补短板项目医疗设备采购(二次),45.32,宁德市蕉城区金涵卫生院,未知,公开招标
164,浦锦街道办事处2026年物业服务采购项目,浦锦街道办事处2026年物业服务采购项目,330.0,上海市闵行区浦锦街道办事处,未知,公开招标
165,2026年保育员服务项目,2026年保育员服务项目,160.0,上海市杨浦区控江幼儿园,未知,公开招标
166,民办学校和培训机构设立评估服务,民办学校和培训机构设立评估服务,100.0,上海市浦东新区教育局,未知,公开招标
167,2026年上海市浦东新区绿苑幼儿园保育员营养员服务项目,2026年上海市浦东新区绿苑幼儿园保育员营养员服务项目,340.0,上海市浦东新区绿苑幼儿园,未知,公开招标
168,华南师范大学“华附联盟”教育集团信息平台建设采购项目招标公告,华南师范大学“华附联盟”教育集团信息平台建设采购项目招标公告,,未知,未知,公开招标
169,广东局6个项目建设资金使用情况全过程审计跟踪服务（标段三）,广东局6个项目建设资金使用情况全过程审计跟踪服务（标段三）,65.79,国家粮食和物资储备局广东局,未知,公开招标
170,陕西省西安市消防救援支队“一主三辅”关中区域战勤保障物资采购项目招标公告（二次）,陕西省西安市消防救援支队“一主三辅”关中区域战勤保障物资采购项目招标公告（二次）,,未知,未知,公开招标
171,烟台打捞局8000HP近岸支持船铁舾装件制作安装施工服务,烟台打捞局8000HP近岸支持船铁舾装件制作安装施工服务,260.0,交通运输部烟台打捞局,未知,公开招标
172,烟台打捞局10000HP近岸支持船铁舾装件制作安装施工服务,烟台打捞局10000HP近岸支持船铁舾装件制作安装施工服务,260.0,交通运输部烟台打捞局,未知,公开招标
173,2025年丰台区重大投资项目规划谋划项目其他服务采购项目,2025年丰台区重大投资项目规划谋划项目其他服务采购项目,100.0,北京市丰台区发展和改革委员会（本级）,未知,公开招标
174,星海音乐学院招生考试智慧管理系统建设项目招标公告,星海音乐学院招生考试智慧管理系统建设项目招标公告,,未知,未知,公开招标
175,2025年丰台区重大投资项目规划谋划项目其他服务采购项目,2025年丰台区重大投资项目规划谋划项目其他服务采购项目,100.0,北京市丰台区发展和改革委员会（本级）,未知,公开招标
176,邛崃市工业污水处理厂污泥处置服务项目,邛崃市工业污水处理厂污泥处置服务项目,536.55,邛崃市水务局,未知,公开招标
177,2026年食检院温江院区物业管理服务采购项目(二次),2026年食检院温江院区物业管理服务采购项目(二次),198.0,成都市食品检验研究院（成都市食品安全监测预警数据中心、成都市粮食质量安全检验检测中心）,未知,公开招标
178,2025年第五批医疗设备采购项目(二次),2025年第五批医疗设备采购项目(二次),70.0,三台县人民医院,未知,公开招标
179,2026年基础防护类医用耗材采购项目,2026年基础防护类医用耗材采购项目,201.16,陕西省人民医院,未知,公开招标
180,复旦大学附属中山医院青浦分院日常生活垃圾收运处理项目,复旦大学附属中山医院青浦分院日常生活垃圾收运处理项目,120.0,上海市青浦区中心医院,未知,公开招标
181,2026年基础通用类医用耗材采购项目,2026年基础通用类医用耗材采购项目,62.7,陕西省人民医院,未知,公开招标
182,2025～2028年徐闻县春蕾小学临聘教职工项目招标公告,2025～2028年徐闻县春蕾小学临聘教职工项目招标公告,,未知,未知,公开招标
183,2025年遥感智能监管系统项目,2025年遥感智能监管系统项目,198.0,古田县自然资源局,未知,公开招标
184,贵州“村超”灾后基础设施提升项目（设备采购）,贵州“村超”灾后基础设施提升项目（设备采购）,915.61,榕江县文体广电旅游局,未知,公开招标
185,杞县农业农村局杞县2025年度产油大县奖励资金项目,杞县农业农村局杞县2025年度产油大县奖励资金项目,1049.56,杞县农业农村局,未知,公开招标
186,杞县农业农村局杞县2025年度产油大县奖励资金项目,杞县农业农村局杞县2025年度产油大县奖励资金项目,1049.56,杞县农业农村局,未知,公开招标
187,杞县农业农村局杞县2025年度产油大县奖励资金项目,杞县农业农村局杞县2025年度产油大县奖励资金项目,1049.56,杞县农业农村局,未知,公开招标
188,杞县农业农村局杞县2025年度产油大县奖励资金项目,杞县农业农村局杞县2025年度产油大县奖励资金项目,1049.56,杞县农业农村局,未知,公开招标
189,杞县农业农村局杞县2025年度产油大县奖励资金项目,杞县农业农村局杞县2025年度产油大县奖励资金项目,1049.56,杞县农业农村局,未知,公开招标
190,杞县农业农村局杞县2025年度产油大县奖励资金项目,杞县农业农村局杞县2025年度产油大县奖励资金项目,1049.56,杞县农业农村局,未知,公开招标
191,杞县农业农村局杞县2025年度产油大县奖励资金项目,杞县农业农村局杞县2025年度产油大县奖励资金项目,1049.56,杞县农业农村局,未知,公开招标
192,杞县农业农村局杞县2025年度产油大县奖励资金项目,杞县农业农村局杞县2025年度产油大县奖励资金项目,1049.56,杞县农业农村局,未知,公开招标
193,省直统管小区保安保洁绿化维修收费服务项目,省直统管小区保安保洁绿化维修收费服务项目,694.02,河北省省直房地产服务中心,未知,公开招标
194,保定市公立医院改革与高质量发展示范项目部分医疗设备采购项目-实验检查设备,保定市公立医院改革与高质量发展示范项目部分医疗设备采购项目-实验检查设备,1039.91,保定市卫生健康委员会（本级）,未知,公开招标
195,河北体育学院宣传文化质量提升项目,河北体育学院宣传文化质量提升项目,70.0,河北体育学院,未知,公开招标
196,采供血设备购置,采供血设备购置,74.0,保定市中心血站,未知,公开招标
197,开元寺塔广场音乐喷泉维修保养服务项目,开元寺塔广场音乐喷泉维修保养服务项目,269.97,定州市城市管理综合行政执法局本级,未知,公开招标
198,邢台市南和区行政综合楼保安服务项目,邢台市南和区行政综合楼保安服务项目,100.0,中共邢台市南和区委机关后勤服务中心本级,未知,公开招标
199,光电测试和数据采集系统,光电测试和数据采集系统,185.0,西南科技大学,未知,公开招标
200,贵州医科大学附属医院2025年大规模设备更新项目,贵州医科大学附属医院2025年大规模设备更新项目,3500.0,贵州省卫生健康委员会,未知,公开招标
201,清华大学学员用双肩背包与黑色手提包采购,清华大学学员用双肩背包与黑色手提包采购,262.25,清华大学,未知,公开招标
202,1.5T磁共振成像系统设备采购项目(二次),1.5T磁共振成像系统设备采购项目(二次),700.0,成都市郫都区人民医院,未知,公开招标
203,2025年第二批医疗设备采购项目（13）,2025年第二批医疗设备采购项目（13）,298.4,成都市中西医结合医院（成都市第一人民医院、成都市中医医院）,未知,公开招标
204,三都县2025年受灾学校教学设备采购项目,三都县2025年受灾学校教学设备采购项目,88.8,三都水族自治县教育局,未知,公开招标
205,贵州医科大学附属医院中山大学附属第一医院贵州医院二期建设项目,贵州医科大学附属医院中山大学附属第一医院贵州医院二期建设项目,11830.0,贵州省卫生健康委员会,未知,公开招标
206,澄迈县云存储及配套机柜网络运维服务项目,澄迈县云存储及配套机柜网络运维服务项目,1699.74,澄迈县大数据和社会信用服务中心,未知,公开招标
207,千人报告厅视频及音频系统采购项目,千人报告厅视频及音频系统采购项目,300.0,赣南卫生健康职业学院,未知,公开招标
208,赣州市“对标深圳 虔城好办”政务服务 能力提升项目,赣州市“对标深圳 虔城好办”政务服务 能力提升项目,976.0,赣州市行政审批局,未知,公开招标
209,吉安市吉州区樟山卫生院康养结合大楼建设项目的办公家具家电厨卫等采购,吉安市吉州区樟山卫生院康养结合大楼建设项目的办公家具家电厨卫等采购,140.31,吉安市吉州区樟山卫生院,未知,公开招标
210,华东交通大学材料学院设备更新科研设备采购项目,华东交通大学材料学院设备更新科研设备采购项目,197.2,华东交通大学,未知,公开招标
211,赣州市低效用地再开发试点技术服务,赣州市低效用地再开发试点技术服务,360.0,赣州市自然资源局,未知,公开招标
212,龙岗中心医院立体停车库维修保养服务项目,龙岗中心医院立体停车库维修保养服务项目,108.0,深圳市龙岗中心医院,未知,公开招标
213,华东交通大学信工学院设备更新科研设备采购项目,华东交通大学信工学院设备更新科研设备采购项目,51.5,华东交通大学,未知,公开招标
214,万年县社区居家养老服务网络建设项目设施设备采购项目（适老化专用设备类）,万年县社区居家养老服务网络建设项目设施设备采购项目（适老化专用设备类）,226.52,万年县民政局,未知,公开招标
215,2025年病床及钢制设备采购项目(三次),2025年病床及钢制设备采购项目(三次),100.44,成都中医药大学附属医院,未知,公开招标
216,南山区水务执法辅助服务,南山区水务执法辅助服务,121.34,深圳市南山区水务局,未知,公开招标
217,县域高质量发展（急救和生命支持设备）采购项目,县域高质量发展（急救和生命支持设备）采购项目,325.0,遂宁市安居区人民医院,未知,公开招标
218,云南省曲靖中心医院广告宣传服务采购项目（二次）,云南省曲靖中心医院广告宣传服务采购项目（二次）,240.0,云南省曲靖中心医院,未知,公开招标
219,阳江市江城区城北幼儿园教学场室设备建设项目（教育办公家具及幼儿设备）招标公告（项目编号：YJGPC2025076Z）,阳江市江城区城北幼儿园教学场室设备建设项目（教育办公家具及幼儿设备）招标公告（项目编号：YJGPC2025076Z）,,未知,未知,公开招标
220,西乡县2025年低碳近零碳试点建设服务项目(二次),西乡县2025年低碳近零碳试点建设服务项目(二次),200.0,汉中市生态环境局西乡分局,未知,公开招标
221,襄阳市中心医院高精度手术显微镜及荧光成像系统采购项目,襄阳市中心医院高精度手术显微镜及荧光成像系统采购项目,300.0,襄阳市中心医院,未知,公开招标
222,购置“两专科一中心”医疗设备采购项目,购置“两专科一中心”医疗设备采购项目,32.97,蒲江县中医医院,未知,公开招标
223,家庭垃圾分类设施改造,家庭垃圾分类设施改造,289.0,荆州市城市管理执法委员会本级,未知,公开招标
224,2025年涪城区俊秀家园、嘉禾佳园、立山公寓等160个老旧小区配套设施改造项目监理,2025年涪城区俊秀家园、嘉禾佳园、立山公寓等160个老旧小区配套设施改造项目监理,199.0,绵阳市涪城区城市更新服务中心,未知,公开招标
225,遵义市播州区人民医院、播州区妇幼保健院保洁、护工等劳务服务采购项目,遵义市播州区人民医院、播州区妇幼保健院保洁、护工等劳务服务采购项目,912.36,遵义市播州区人民医院,未知,公开招标
226,2025年电力设施维护项目(三次),2025年电力设施维护项目(三次),55.0,成都中医药大学附属医院,未知,公开招标
227,邯郸市公安局应急保障机动化体系二期建设项目,邯郸市公安局应急保障机动化体系二期建设项目,163.23,邯郸市公安局本级,未知,公开招标
228,中药配方颗粒采购项目(三次),中药配方颗粒采购项目(三次),65.0,大邑县妇女儿童医院(大邑县妇幼保健院),未知,公开招标
229,云南省疾病预防控制中心国家区城公共卫生中心（云南）建设项目放射工作人员职业健康检查设备采购项目（2025-89）,云南省疾病预防控制中心国家区城公共卫生中心（云南）建设项目放射工作人员职业健康检查设备采购项目（2025-89）,85.0,云南省疾病预防控制中心,未知,公开招标
230,北京安定医院脑磁图配套设备购置项目,北京安定医院脑磁图配套设备购置项目,584.4,首都医科大学附属北京安定医院,未知,公开招标
231,“中国茅台·国之栋梁——生态守护公益行动”之四川古蔺赤水河守护者公益项目,“中国茅台·国之栋梁——生态守护公益行动”之四川古蔺赤水河守护者公益项目,54.2,古蔺县茅溪镇人民政府,未知,公开招标
232,大连市普兰店区农业农村局2025年度减船转产渔船拆解项目,大连市普兰店区农业农村局2025年度减船转产渔船拆解项目,102.6,大连市普兰店区农业农村局,未知,公开招标
233,广外街道2026年老旧小区垃圾分类服务项目,广外街道2026年老旧小区垃圾分类服务项目,510.03,北京市西城区人民政府广安门外街道办事处（本级）,未知,公开招标
234,鲁山县人民医院医疗服务与保障能力提升购置血液透析机项目,鲁山县人民医院医疗服务与保障能力提升购置血液透析机项目,151.2,鲁山县人民医院,未知,公开招标
235,北京中医药大学东方医院病理科耗材采购项目（2025年7月）,北京中医药大学东方医院病理科耗材采购项目（2025年7月）,33.64,北京中医药大学东方医院,未知,公开招标
236,北京中医药大学东方医院（方庄院区、经开区院区）燃气维保项目（2026年度）,北京中医药大学东方医院（方庄院区、经开区院区）燃气维保项目（2026年度）,17.19,北京中医药大学东方医院,未知,公开招标
237,穆棱市农村合作经济经营服务总站穆棱市第二轮土地承包到期后再延长30年整县试点项目技术服务招标公告,穆棱市农村合作经济经营服务总站穆棱市第二轮土地承包到期后再延长30年整县试点项目技术服务招标公告,,未知,未知,公开招标
238,黑龙江省传染病防治院生化全项及单项项目（东芝）试剂耗材采购单一来源公告,黑龙江省传染病防治院生化全项及单项项目（东芝）试剂耗材采购单一来源公告,,未知,未知,公开招标
239,吴忠市红寺堡区住房和城乡建设局吴忠市红寺堡区乡镇污水处理站运营维护项目,吴忠市红寺堡区住房和城乡建设局吴忠市红寺堡区乡镇污水处理站运营维护项目,235.38,吴忠市红寺堡区住房和城乡建设局,未知,公开招标
240,平和县医院手术室用设备采购项目,平和县医院手术室用设备采购项目,57.68,平和县医院,未知,公开招标
241,zycgr24041501KHz飞秒激光系统采购,zycgr24041501KHz飞秒激光系统采购,324.0,zycgr24041501,未知,公开招标
242,内镜科高频喷射呼吸机采购项目,内镜科高频喷射呼吸机采购项目,220.0,中山大学肿瘤防治中心,未知,公开招标
243,通州区关键信息基础设施提升项目（一期）-数据底座提升,通州区关键信息基础设施提升项目（一期）-数据底座提升,696.5,北京市通州区政务服务和数据管理局（本级）,未知,公开招标
244,彭州市无人机巡飞服务采购项目(二次),彭州市无人机巡飞服务采购项目(二次),1332.0,彭州市人民政府办公室,未知,公开招标
245,西安市自然资源和规划局鄠邑分局鄠邑区耕地占补平衡补充耕地项目前期技术服务工作招标公告,西安市自然资源和规划局鄠邑分局鄠邑区耕地占补平衡补充耕地项目前期技术服务工作招标公告,,未知,未知,公开招标
246,中国人民大学老校区安保服务采购项目,中国人民大学老校区安保服务采购项目,118.8,中国人民大学,未知,公开招标
247,2026年通州区运潮减河公园保安服务项目,2026年通州区运潮减河公园保安服务项目,197.8,北京市通州区运潮减河公园管理处,未知,公开招标
248,四川金堂经开区绿谷新材产业园合规建设咨询服务采购项目,四川金堂经开区绿谷新材产业园合规建设咨询服务采购项目,484.0,成都市淮州新城管理委员会,未知,公开招标
249,北京市通州区台湖镇人民政府2026年保安服务项目,北京市通州区台湖镇人民政府2026年保安服务项目,168.0,北京市通州区台湖镇人民政府（本级）,未知,公开招标
250,山西省运城市中心医院神经外科、眼科等设备采购项（三包、四包）二次,山西省运城市中心医院神经外科、眼科等设备采购项（三包、四包）二次,770.0,山西省运城市中心医院,未知,公开招标
251,Zycgr24041501聚焦离子束直写加工采购,Zycgr24041501聚焦离子束直写加工采购,1000.0,zycgr24041501,未知,公开招标
252,2026年大运河文化旅游景区保安服务项目,2026年大运河文化旅游景区保安服务项目,449.8,北京（通州）大运河文化旅游景区管理中心,未知,公开招标
253,2026年海淀区生态环境综合执法监察工作保障项目,2026年海淀区生态环境综合执法监察工作保障项目,205.56,北京市海淀区生态环境局,未知,公开招标
254,河南省生态环境监测和安全中心2026年河南省大气污染预报预警信息化系统及立体综合观测网运维项目,河南省生态环境监测和安全中心2026年河南省大气污染预报预警信息化系统及立体综合观测网运维项目,782.1,河南省生态环境监测和安全中心,未知,公开招标
255,2026年张家湾公园保安服务项目,2026年张家湾公园保安服务项目,154.8,北京市通州区大运河森林公园管理处,未知,公开招标
256,2024年超长期特别国债“以旧换新”项目医疗设备集中采购（四十一）(包6),2024年超长期特别国债“以旧换新”项目医疗设备集中采购（四十一）(包6),105.0,海南省卫生健康委员会药具管理中心,未知,公开招标
257,两广路（西城段）环境整治提升项目环整设计,两广路（西城段）环境整治提升项目环整设计,2529.47,北京市西城区城市管理委员会（本级）,未知,公开招标
258,广东消防救援机动总队筹备组宣传和文娱器材采购项目（第二次）,广东消防救援机动总队筹备组宣传和文娱器材采购项目（第二次）,83.64,福建省森林消防总队,未知,公开招标
259,绵阳市中小企业数字化转型城市试点评测验收服务,绵阳市中小企业数字化转型城市试点评测验收服务,650.0,绵阳市经济和信息化局,未知,公开招标
260,2026年校园保障经费-北京市第八中学保安服务采购项目,2026年校园保障经费-北京市第八中学保安服务采购项目,410.04,北京市第八中学,未知,公开招标
261,宁波市奉化区总工会机关食堂外包服务项目,宁波市奉化区总工会机关食堂外包服务项目,40.0,宁波市奉化区总工会,未知,公开招标
262,鞍山市公安局（本级）车辆维修及保养服务采购项目,鞍山市公安局（本级）车辆维修及保养服务采购项目,150.0,鞍山市公安局,未知,公开招标
263,中国科学院深海科学与工程研究所海上回收平台拖航服务采购项目,中国科学院深海科学与工程研究所海上回收平台拖航服务采购项目,250.0,中国科学院深海科学与工程研究所,未知,公开招标
264,2025年锦州医科大学科技平台、协同创新中心设备更新配套资金采购项目（二次）,2025年锦州医科大学科技平台、协同创新中心设备更新配套资金采购项目（二次）,227.0,锦州医科大学,未知,公开招标
265,物业管理费（广安门南街2号）,物业管理费（广安门南街2号）,540.0,北京市西城区机关事务服务中心（本级）,未知,公开招标
266,2025年高标准农田有机肥采购项目（重新）,2025年高标准农田有机肥采购项目（重新）,546.0,全椒县农业农村局,未知,公开招标
267,灯塔市政务中心食堂食材统一采购,灯塔市政务中心食堂食材统一采购,347.94,灯塔市机关事务管理服务中心,未知,公开招标
268,成都市新津区卫生健康局卫生监督机构能力建设设备采购项目(二次),成都市新津区卫生健康局卫生监督机构能力建设设备采购项目(二次),49.82,成都市新津区卫生健康局（本级）,未知,公开招标
269,营口市妇幼保健计划生育服务中心新生儿疾病筛查试剂采购项目（四次）,营口市妇幼保健计划生育服务中心新生儿疾病筛查试剂采购项目（四次）,51.0,营口市妇幼保健计划生育服务中心,未知,公开招标
270,广州市白云区第三人民医院医疗设备采购项目公开招标公告（项目编号：BYDS-2025HW-03）,广州市白云区第三人民医院医疗设备采购项目公开招标公告（项目编号：BYDS-2025HW-03）,,未知,未知,公开招标
271,先进医疗设备更新项目电子腹腔镜采购,先进医疗设备更新项目电子腹腔镜采购,750.0,延边大学附属医院（延边医院）,未知,公开招标
272,延津县塔铺街道办事处任光屯村河南省2025年农村公益事业财政奖补重点村项目,延津县塔铺街道办事处任光屯村河南省2025年农村公益事业财政奖补重点村项目,395.15,延津县塔铺街道办事处,未知,公开招标
273,铁岭市检验检测认证服务中心（计量所）采购出租车计价器检定装置等设备项目,铁岭市检验检测认证服务中心（计量所）采购出租车计价器检定装置等设备项目,124.2,铁岭市检验检测认证服务中心,未知,公开招标
274,2025年高新体育中心全民健身馆开馆物业物资一般设备采购项目(二次),2025年高新体育中心全民健身馆开馆物业物资一般设备采购项目(二次),56.43,成都高新技术产业开发区教育体育局,未知,公开招标
275,朝阳柳城经济开发区化工园区污水监测运维项目,朝阳柳城经济开发区化工园区污水监测运维项目,270.0,朝阳柳城经济开发区管理委员会,未知,公开招标
276,和平南大街45号集中办公区安保服务,和平南大街45号集中办公区安保服务,182.0,辽宁省机关事务管理局机关,未知,公开招标
277,北京市交通运输综合执法总队2026年保洁服务采购项目,北京市交通运输综合执法总队2026年保洁服务采购项目,282.99,北京市交通运输综合执法总队本级,未知,公开招标
278,贵州民族大学OA协同办公系统、学生综合服务平台、科研创新服务平台采购（二次）,贵州民族大学OA协同办公系统、学生综合服务平台、科研创新服务平台采购（二次）,60.0,贵州民族大学,未知,公开招标
279,武汉市第七医院2025年中医科疼痛科理疗设备项目,武汉市第七医院2025年中医科疼痛科理疗设备项目,46.0,武汉市第七医院,未知,公开招标
280,湖北省黄冈市森林草原消防队伍能力提升项目（蕲春县专业扑火队伍装备采购项目）,湖北省黄冈市森林草原消防队伍能力提升项目（蕲春县专业扑火队伍装备采购项目）,337.97,蕲春县应急管理局,未知,公开招标
281,江苏省医疗器械检验所采购荧光正置显微镜及成像系统等设备项目,江苏省医疗器械检验所采购荧光正置显微镜及成像系统等设备项目,138.5,江苏省医疗器械检验所,未知,公开招标
282,2025年-2027年监利市全市党政机关、事业单位车辆维修和保养服务封闭式框架协议采购项目(第三次）,2025年-2027年监利市全市党政机关、事业单位车辆维修和保养服务封闭式框架协议采购项目(第三次）,1.0,监利市公共资源交易中心本级,未知,公开招标
283,南京医科大学生物医药分中心表面等离子共振系统采购项目（二次）,南京医科大学生物医药分中心表面等离子共振系统采购项目（二次）,360.0,南京医科大学（本部）,未知,公开招标
284,阳江市江城区人民法院2026年度司法辅助服务采购项目招标公告,阳江市江城区人民法院2026年度司法辅助服务采购项目招标公告,,未知,未知,公开招标
285,杭州市临平区妇幼保健院检验试剂、耗材集中配送服务,杭州市临平区妇幼保健院检验试剂、耗材集中配送服务,3000.0,杭州市临平区妇幼保健院,未知,公开招标
286,高新一幼2025年物管采购项目(三次),高新一幼2025年物管采购项目(三次),90.0,成都高新区第一幼儿园,未知,公开招标
287,便携式彩色多普勒超声诊断系统等设备采购项目,便携式彩色多普勒超声诊断系统等设备采购项目,1166.65,彭州市人民医院,未知,公开招标
288,冷藏棺采购,冷藏棺采购,70.0,重庆市石桥铺殡仪馆,未知,公开招标
289,2025GC14-南方医科大学生命科学楼标准化实验室改造项目实验室专用台柜等家具采购（项目编号：M4400000707534892001）招标公告,2025GC14-南方医科大学生命科学楼标准化实验室改造项目实验室专用台柜等家具采购（项目编号：M4400000707534892001）招标公告,,未知,未知,公开招标
290,西咸新区铁一中金湾中学教学及办公设备采购项目招标公告,西咸新区铁一中金湾中学教学及办公设备采购项目招标公告,,未知,未知,公开招标
291,云南省肿瘤医院2025年第一百批政府采购（门诊多学科会诊室信息智慧化建设项目）,云南省肿瘤医院2025年第一百批政府采购（门诊多学科会诊室信息智慧化建设项目）,78.3,云南省肿瘤医院,未知,公开招标
292,鸡西市滴道区住房和城乡建设局滴道区其它建筑安全体检招标公告,鸡西市滴道区住房和城乡建设局滴道区其它建筑安全体检招标公告,,未知,未知,公开招标
293,西咸新区铁一中金湾中学办公配套设施采购项目招标公告,西咸新区铁一中金湾中学办公配套设施采购项目招标公告,,未知,未知,公开招标
294,2026年食堂配送采购项目（二次）,2026年食堂配送采购项目（二次）,48.67,中华人民共和国龙岩海关,未知,公开招标
295,中山大学附属第一医院电器配件、五金耗材采购与配送项目,中山大学附属第一医院电器配件、五金耗材采购与配送项目,495.0,中山大学附属第一医院,未知,公开招标
296,高碑店地区2026年道路及两侧便道保洁清扫服务采购项目,高碑店地区2026年道路及两侧便道保洁清扫服务采购项目,924.05,北京市朝阳区人民政府高碑店地区办事处,未知,公开招标
297,医养结合智能化基础设施建设项目,医养结合智能化基础设施建设项目,260.0,眉山市中医医院,未知,公开招标
298,2026年信息化辅助服务项目,2026年信息化辅助服务项目,128.0,四川省交通运输厅信息中心,未知,公开招标
299,协和医院2026年度肠内营养制剂采购项目(特殊疾病营养补充),协和医院2026年度肠内营养制剂采购项目(特殊疾病营养补充),1011.0,华中科技大学同济医学院附属协和医院,未知,公开招标
300,协和医院2026年度肠内营养制剂采购项目(特定人群营养补充),协和医院2026年度肠内营养制剂采购项目(特定人群营养补充),1143.0,华中科技大学同济医学院附属协和医院,未知,公开招标
301,协和医院2026年度肠内营养制剂采购项目(围术期营养补充),协和医院2026年度肠内营养制剂采购项目(围术期营养补充),1494.0,华中科技大学同济医学院附属协和医院,未知,公开招标
302,德清县公安局的2026年度食堂服务外包项目,德清县公安局的2026年度食堂服务外包项目,1240.0,德清县公安局,未知,公开招标
303,黄山市消防救援支队2025年度目录外信息通信装备采购项目,黄山市消防救援支队2025年度目录外信息通信装备采购项目,60.0,黄山市消防救援支队,未知,公开招标
304,黄山市消防救援支队2025年度灭火救援装备采购项目,黄山市消防救援支队2025年度灭火救援装备采购项目,125.95,黄山市消防救援支队,未知,公开招标
305,云阳县人民医院大孔径定位CT,云阳县人民医院大孔径定位CT,700.0,云阳县人民医院,未知,公开招标
306,南京农业大学农业与健康创新支撑中心建设项目仪器设备采购（第二批-2）,南京农业大学农业与健康创新支撑中心建设项目仪器设备采购（第二批-2）,315.0,南京农业大学,未知,公开招标
307,2025年医疗设备采购第十五批（第二次）,2025年医疗设备采购第十五批（第二次）,375.0,武汉市中心医院,未知,公开招标
308,商丘职业技术学院“友谊学院”项目（第一期）项目,商丘职业技术学院“友谊学院”项目（第一期）项目,200.0,商丘职业技术学院,未知,公开招标
309,泰兴市中小学空调采购及安装项目,泰兴市中小学空调采购及安装项目,104.6,泰兴市教师发展中心,未知,公开招标
310,睢宁县沙集镇8吨水罐消防车采购,睢宁县沙集镇8吨水罐消防车采购,78.0,睢宁县沙集镇人民政府,未知,公开招标
311,智慧农林高技能人才培养基地建设（一期）,智慧农林高技能人才培养基地建设（一期）,255.0,苏州农业职业技术学院,未知,公开招标
312,连云港市中医院1号楼5台曳引式电梯采购,连云港市中医院1号楼5台曳引式电梯采购,180.0,连云港市中医院,未知,公开招标
313,贾汪区行政中心电力系统维保服务,贾汪区行政中心电力系统维保服务,141.0,徐州市贾汪区机关事务保障中心,未知,公开招标
314,江苏省中医院脊柱动静态平衡功能评估及训练系统,江苏省中医院脊柱动静态平衡功能评估及训练系统,104.0,江苏省中医院,未知,公开招标
315,睢宁县岚山镇、桃园镇全域土地综合整治项目实施方案编制服务,睢宁县岚山镇、桃园镇全域土地综合整治项目实施方案编制服务,430.0,睢宁县自然资源和规划局,未知,公开招标
316,万祥镇环卫综合养护（2026）,万祥镇环卫综合养护（2026）,488.97,上海市浦东新区万祥镇人民政府,未知,公开招标
317,青铜峡市教育局本级青铜峡市第八中学2025年义务教育优化布局桌椅、学生用床采购项目,青铜峡市教育局本级青铜峡市第八中学2025年义务教育优化布局桌椅、学生用床采购项目,84.6,青铜峡市教育局本级,未知,公开招标
318,麻醉机等一批医疗设备采购项目,麻醉机等一批医疗设备采购项目,130.0,富顺县人民医院,未知,公开招标
319,静宁县民政局2026年度分散特困供养对象照料服务项目招标公告,静宁县民政局2026年度分散特困供养对象照料服务项目招标公告,,未知,未知,公开招标
320,育儿补贴服务保障,育儿补贴服务保障,120.34,北京市卫生健康大数据与政策研究中心,未知,公开招标
321,空调淡水泵离心泵组件零部件,空调淡水泵离心泵组件零部件,107.38,浙江大学,未知,公开招标
322,汕头大学医学院第二附属医院外送病理检测项目（一年）招标公告,汕头大学医学院第二附属医院外送病理检测项目（一年）招标公告,,未知,未知,公开招标
323,福州市第一总医院医疗废物项目(三次),福州市第一总医院医疗废物项目(三次),141.84,福州市第一总医院,未知,公开招标
324,龙江县职业教育中心学校教学设备采购(二次)招标公告,龙江县职业教育中心学校教学设备采购(二次)招标公告,,未知,未知,公开招标
325,南宁市中级人民法院2026年物业管理服务,南宁市中级人民法院2026年物业管理服务,338.5,广西壮族自治区南宁市中级人民法院,未知,公开招标
326,次氯酸电解水生成机专用电解剂（次氯酸电解液）,次氯酸电解水生成机专用电解剂（次氯酸电解液）,0.05,吉林大学中日联谊医院,未知,公开招标
327,《东南大学学报（自然科学版）》《东南大学学报（英文版）》印刷服务采购,《东南大学学报（自然科学版）》《东南大学学报（英文版）》印刷服务采购,26.0,东南大学,未知,公开招标
328,渤海新区黄骅市围填海备案区域陆海统筹详细规划,渤海新区黄骅市围填海备案区域陆海统筹详细规划,700.0,港城产业园区自然资源和规划建设分局,未知,公开招标
329,第三幼儿园功能室及玩具购置项目,第三幼儿园功能室及玩具购置项目,60.75,孟村回族自治县教育局本级,未知,公开招标
330,邢台市环卫设施设备更新及生活垃圾分类处置设施提标改造项目,邢台市环卫设施设备更新及生活垃圾分类处置设施提标改造项目,13526.8,邢台市环境卫生管理中心,未知,公开招标
331,河北省眼科医院手术显微镜系统采购项目,河北省眼科医院手术显微镜系统采购项目,410.0,河北省眼科医院,未知,公开招标
332,河北省眼科医院离子束瘢痕射频治疗仪采购项目,河北省眼科医院离子束瘢痕射频治疗仪采购项目,143.0,河北省眼科医院,未知,公开招标
333,河北省眼科医院眼科飞秒激光治疗仪采购项目,河北省眼科医院眼科飞秒激光治疗仪采购项目,730.0,河北省眼科医院,未知,公开招标
334,石家庄市鹿泉区交通运输局新能源（燃油）清扫车辆租赁项目,石家庄市鹿泉区交通运输局新能源（燃油）清扫车辆租赁项目,4518.36,石家庄市鹿泉区交通运输局本级,未知,公开招标
335,国家税务总局泸州市税务局机关后勤和餐饮服务采购项目,国家税务总局泸州市税务局机关后勤和餐饮服务采购项目,241.6,国家税务总局泸州市税务局,未知,公开招标
336,江苏省通信管理局综合楼、院落修缮及配电房改造项目综合楼能效系统更新改造及空调系统智控节能改造服务项目,江苏省通信管理局综合楼、院落修缮及配电房改造项目综合楼能效系统更新改造及空调系统智控节能改造服务项目,260.0,江苏省通信管理局,未知,公开招标
337,东西湖区2026年河流港渠管护服务项目,东西湖区2026年河流港渠管护服务项目,210.0,武汉市东西湖区水务和湖泊局,未知,公开招标
338,通河县中医医院购置眼科视光中心设备(二次)招标公告,通河县中医医院购置眼科视光中心设备(二次)招标公告,,未知,未知,公开招标
339,靖远县卫生健康局靖远县卫生健康局普惠托育引托入幼和社区普惠托育设备采购项目（第二批）招标公告,靖远县卫生健康局靖远县卫生健康局普惠托育引托入幼和社区普惠托育设备采购项目（第二批）招标公告,,未知,未知,公开招标
340,西秀区生活垃圾填埋场渗滤液处理站托管运行服务项目,西秀区生活垃圾填埋场渗滤液处理站托管运行服务项目,548.5,安顺市西秀区城市管理局,未知,公开招标
341,曲靖医学高等专科学校教育教学质量数智化提升项目实验室综合管理服务平台（一期）,曲靖医学高等专科学校教育教学质量数智化提升项目实验室综合管理服务平台（一期）,119.0,曲靖医学高等专科学校,未知,公开招标
342,2026-2027年临浦镇集镇园区保洁市场化运作及河道保洁服务采购项目,2026-2027年临浦镇集镇园区保洁市场化运作及河道保洁服务采购项目,4160.0,杭州市萧山区临浦镇人民政府,未知,公开招标
343,安图县自然资源和林业局2026年度建设用地使用权价格评估服务封闭式框架协议采购,安图县自然资源和林业局2026年度建设用地使用权价格评估服务封闭式框架协议采购,0.0,安图县自然资源和林业局(自然资源）,未知,公开招标
344,平顶山市新华区环境卫生服务中心绿化管养采购项目,平顶山市新华区环境卫生服务中心绿化管养采购项目,445.33,平顶山市新华区环境卫生服务中心,未知,公开招标
345,马鞍山经开区总体规划环境影响跟踪评价和新一轮规划环评编制第三方服务项目,马鞍山经开区总体规划环境影响跟踪评价和新一轮规划环评编制第三方服务项目,600.0,马鞍山经济技术开发区管理委员会,未知,公开招标
346,东莞市企石镇政务服务中心第二食堂膳食配送项目招标公告,东莞市企石镇政务服务中心第二食堂膳食配送项目招标公告,,未知,未知,公开招标
347,2025年公立医院改革与高质量发展示范项目信息系统集成服务,2025年公立医院改革与高质量发展示范项目信息系统集成服务,887.0,万源市人民医院,未知,公开招标
348,影像系统存储扩容采购项目,影像系统存储扩容采购项目,90.0,隆昌市人民医院,未知,公开招标
349,平罗县灵沙九年制学校义务教育薄弱环节改善和能力提升（教育数字化）项目,平罗县灵沙九年制学校义务教育薄弱环节改善和能力提升（教育数字化）项目,100.98,平罗县灵沙九年制学校,未知,公开招标
350,学科特色功能室及音、体、美教室,学科特色功能室及音、体、美教室,253.0,重庆市茄子溪中学,未知,公开招标
351,哈尔滨工业大学生物运动评估与训练系统,哈尔滨工业大学生物运动评估与训练系统,150.0,哈尔滨工业大学,未知,公开招标
352,中国一带一路网全媒体内容运维服务（四期）,中国一带一路网全媒体内容运维服务（四期）,680.0,国家信息中心,未知,公开招标
353,中共息烽县委党校后勤保障服务,中共息烽县委党校后勤保障服务,200.0,中共息烽县委党校,未知,公开招标
354,北京饲草品种测试评价站建设项目仪器设备购置,北京饲草品种测试评价站建设项目仪器设备购置,2019.35,北京市农林科学院事业,未知,公开招标
355,2026年西北旺镇市场监督管理所人员劳务派遣项目,2026年西北旺镇市场监督管理所人员劳务派遣项目,115.04,北京市海淀区西北旺镇人民政府,未知,公开招标
356,2025年英山县红山镇乌云山村重点农村公路工程,2025年英山县红山镇乌云山村重点农村公路工程,224.68,英山县公路事业发展中心,未知,公开招标
357,妇科-肿瘤遗传相关疾病检测服务采购项目,妇科-肿瘤遗传相关疾病检测服务采购项目,50.0,成都市妇女儿童中心医院（成都市妇幼保健院、成都市妇产科医院、成都市儿童医院）,未知,公开招标
358,鼻阻力仪等一批医疗设备采购项目,鼻阻力仪等一批医疗设备采购项目,123.75,富顺县人民医院,未知,公开招标
359,电动综合手术床1张（减重）采购项目,电动综合手术床1张（减重）采购项目,47.0,福建医科大学附属第一医院,未知,公开招标
360,安徽空管分局新桥航管楼及其附属用房改造工程,安徽空管分局新桥航管楼及其附属用房改造工程,396.38,中国民用航空华东地区空中交通管理局安徽分局,未知,公开招标
361,2026年场馆设备设施运维项目,2026年场馆设备设施运维项目,650.83,北京汽车博物馆（北京市丰台区规划展览馆）（本级）,未知,公开招标
362,公用经费物业管理服务采购项目,公用经费物业管理服务采购项目,161.7,北京市信息管理学校,未知,公开招标
363,2026年城市问题保安盯守服务项目（2026.01-2026.12）,2026年城市问题保安盯守服务项目（2026.01-2026.12）,164.4,北京市海淀区人民政府马连洼街道办事处,未知,公开招标
364,学生床上用品采购项目,学生床上用品采购项目,34.0,越西县越城镇西城中学,未知,公开招标
365,市级核应急卫生救援装备（第二批）(三次),市级核应急卫生救援装备（第二批）(三次),17.86,乐山市卫生应急救援指挥中心,未知,公开招标
366,许昌市生态环境综合行政执法支队许昌市生态环境系统大气环境执法能力建设项目,许昌市生态环境综合行政执法支队许昌市生态环境系统大气环境执法能力建设项目,342.0,许昌市生态环境综合行政执法支队,未知,公开招标
367,首都医科大学附属北京积水潭医院购买三院区西门子品牌放射设备维保项目,首都医科大学附属北京积水潭医院购买三院区西门子品牌放射设备维保项目,230.0,首都医科大学附属北京积水潭医院,未知,公开招标
368,首都医科大学附属北京积水潭医院新街口、回龙观院区佳能CT设备维保服务项目,首都医科大学附属北京积水潭医院新街口、回龙观院区佳能CT设备维保服务项目,260.0,首都医科大学附属北京积水潭医院,未知,公开招标
369,医疗设备维保服务,医疗设备维保服务,340.0,龙南市第一人民医院,未知,公开招标
370,南昌大学航空复合材料结构制备与测试平台项目,南昌大学航空复合材料结构制备与测试平台项目,350.0,南昌大学,未知,公开招标
371,南昌大学第二附属医院东湖院区洗涤中心洗涤服务采购项目,南昌大学第二附属医院东湖院区洗涤中心洗涤服务采购项目,900.0,南昌大学第二附属医院,未知,公开招标
372,赣州市赣县区王母渡镇中心卫生院CT采购项目,赣州市赣县区王母渡镇中心卫生院CT采购项目,200.0,赣州市赣县区王母渡镇中心卫生院,未知,公开招标
373,麻醉机等一批医疗设备采购项目,麻醉机等一批医疗设备采购项目,181.3,九江市中医医院,未知,公开招标
374,赣州市赣县区人民医院血滤机采购项目,赣州市赣县区人民医院血滤机采购项目,300.0,赣州市赣县区人民医院,未知,公开招标
375,九江学院第二附属医院物业服务管理采购项目,九江学院第二附属医院物业服务管理采购项目,720.0,九江学院第二附属医院,未知,公开招标
376,东海县城区路灯节能改造工程项目合同能源管理服务,东海县城区路灯节能改造工程项目合同能源管理服务,1000.0,东海县路灯管理处,未知,公开招标
377,淮安市文化三馆物业服务,淮安市文化三馆物业服务,287.5,淮安市文化广电和旅游局,未知,公开招标
378,常州市第三人民医院老院区水电维保服务,常州市第三人民医院老院区水电维保服务,100.0,常州市第三人民医院,未知,公开招标
379,2026年社区党群服务中心物业服务采购,2026年社区党群服务中心物业服务采购,132.6,上海市闵行区浦锦街道社区党群服务中心,未知,公开招标
380,常州市发改委政府冻猪肉储备项目,常州市发改委政府冻猪肉储备项目,160.0,常州市发展和改革委员会,未知,公开招标
381,乾安县人民医院彩色多普勒超声诊断系统（彩超）,乾安县人民医院彩色多普勒超声诊断系统（彩超）,165.0,乾安县人民医院,未知,公开招标
382,无锡市锡山区中医医院（康复医疗中心）建设项目智能信息化设备采购,无锡市锡山区中医医院（康复医疗中心）建设项目智能信息化设备采购,4000.0,无锡市锡山区重点建设项目管理中心,未知,公开招标
383,2026屯村片区道路保洁市场化服务项目,2026屯村片区道路保洁市场化服务项目,477.9,苏州市吴江区同里镇环境卫生管理所,未知,公开招标
384,江口县2025年村级公益事业建设及美丽乡村建设项目太阳能路灯第三批（二次）,江口县2025年村级公益事业建设及美丽乡村建设项目太阳能路灯第三批（二次）,193.95,江口县财政局,未知,公开招标
385,石林彝族自治县人民医院医疗设备采购项目,石林彝族自治县人民医院医疗设备采购项目,376.3,石林彝族自治县人民医院,未知,公开招标
386,龙漕路餐饮管理服务第二次采购项目,龙漕路餐饮管理服务第二次采购项目,126.43,上海市徐汇区机关事务管理中心,未知,公开招标
387,表面增强成像系统招标公告,表面增强成像系统招标公告,,未知,未知,公开招标
388,中国科学技术大学合肥先进光源国家重大科技基础设施项目-相干性及波前检测设备与在线热诊断及测试系统,中国科学技术大学合肥先进光源国家重大科技基础设施项目-相干性及波前检测设备与在线热诊断及测试系统,580.0,中国科学技术大学,未知,公开招标
389,武邑县韩庄镇卫生院康复科能力提升项目（进口）,武邑县韩庄镇卫生院康复科能力提升项目（进口）,74.85,武邑县卫生健康局本级,未知,公开招标
390,辽源市西安区人民医院中医康复设备及超声设备采购项目二次,辽源市西安区人民医院中医康复设备及超声设备采购项目二次,450.0,辽源市西安区人民医院（辽源市西安区中医院）,未知,公开招标
391,晋江市英林镇英埔中心小学南区运动场及智慧足球教室改造项目,晋江市英林镇英埔中心小学南区运动场及智慧足球教室改造项目,185.0,晋江市英林镇中心学校,未知,公开招标
392,教育局2026年农村义务教育营养改善计划实施学校食堂大米、面粉、菜籽油、鸡蛋、肉类采购项目（2025）,教育局2026年农村义务教育营养改善计划实施学校食堂大米、面粉、菜籽油、鸡蛋、肉类采购项目（2025）,1854.8,苍溪县教育局,未知,公开招标
393,甘肃资源环境小卫星采购项目(二次)招标公告,甘肃资源环境小卫星采购项目(二次)招标公告,,未知,未知,公开招标
394,法律服务项目,法律服务项目,665.0,中央广播电视总台,未知,公开招标
395,延津县王楼镇人民政府王楼镇乔杏庄村公益事业重点项目,延津县王楼镇人民政府王楼镇乔杏庄村公益事业重点项目,306.58,延津县王楼镇人民政府,未知,公开招标
396,喀什市新能源公交车更新项目,喀什市新能源公交车更新项目,599.94,喀什市交通运输局,未知,公开招标
397,原州区司法局2025年政府采购服务（外聘人员）项目,原州区司法局2025年政府采购服务（外聘人员）项目,187.2,固原市原州区司法局,未知,公开招标
398,佛山市社会保险基金管理局佛山市社保信息系统本国化改造项目（一期）（软件开发）招标公告,佛山市社会保险基金管理局佛山市社保信息系统本国化改造项目（一期）（软件开发）招标公告,,未知,未知,公开招标
399,北务镇机械洗扫及除雪项目,北务镇机械洗扫及除雪项目,122.54,北京市顺义区北务镇人民政府本级,未知,公开招标
400,汉中职业技术学院学生和教师宿舍楼空调采购项目招标公告,汉中职业技术学院学生和教师宿舍楼空调采购项目招标公告,,未知,未知,公开招标
401,梨树县2025年绿色种养循环农业试点项目（货物）,梨树县2025年绿色种养循环农业试点项目（货物）,100.0,梨树县农业农村局,未知,公开招标
402,经颅磁刺激仪采购项目,经颅磁刺激仪采购项目,35.0,福建医科大学附属第一医院,未知,公开招标
403,辽宁省市场监督管理局2026年特种设备领域行政许可技术评审服务机构招标,辽宁省市场监督管理局2026年特种设备领域行政许可技术评审服务机构招标,440.0,辽宁省市场监督管理局机关,未知,公开招标
404,前湾新区（核心区）城市地质安全风险专题调查项目,前湾新区（核心区）城市地质安全风险专题调查项目,93.0,宁波市自然资源和规划局前湾新区分局,未知,公开招标
405,东港市新城中学等30所中小学校薄改教学设备购置,东港市新城中学等30所中小学校薄改教学设备购置,750.6,东港市招生考试委员会办公室,未知,公开招标
406,国有灯塔市铧子林场松材线虫疫木砍伐采购项目,国有灯塔市铧子林场松材线虫疫木砍伐采购项目,76.86,国有灯塔市铧子林场,未知,公开招标
407,中国医科大学附属盛京医院实验耗材采购项目,中国医科大学附属盛京医院实验耗材采购项目,338.0,中国医科大学附属盛京医院,未知,公开招标
408,南京市审计局2026年度至2027年度审计服务框架协议采购项目,南京市审计局2026年度至2027年度审计服务框架协议采购项目,1200.0,南京市审计局,未知,公开招标
409,华中科技大学同济医学院附属同济医院组织脱水机采购项目,华中科技大学同济医学院附属同济医院组织脱水机采购项目,49.6,华中科技大学同济医学院附属同济医院,未知,公开招标
410,江苏城乡建设职业学院2026-2029年宿舍物业管理服务,江苏城乡建设职业学院2026-2029年宿舍物业管理服务,675.0,江苏城乡建设职业学院,未知,公开招标
411,南京工业大学中空纤维纳米杂化膜制备装置采购,南京工业大学中空纤维纳米杂化膜制备装置采购,170.0,南京工业大学,未知,公开招标
412,兴化市市级卡口水环境管护项目,兴化市市级卡口水环境管护项目,175.96,兴化市河长制综合协调中心,未知,公开招标
413,小孔径超滤膜制备装置采购,小孔径超滤膜制备装置采购,150.0,南京工业大学,未知,公开招标
414,徐州高新区建设工程安全监管第三方技术服务,徐州高新区建设工程安全监管第三方技术服务,120.0,徐州高新技术产业开发区管理委员会,未知,公开招标
415,常熟市体育中心体育场足球场地及配套设施改造电子屏,常熟市体育中心体育场足球场地及配套设施改造电子屏,98.46,常熟市体育发展中心,未知,公开招标
416,镇江经开区大港片区住宅小区生活垃圾分类作业服务,镇江经开区大港片区住宅小区生活垃圾分类作业服务,297.29,镇江经济技术开发区综合行政执法局,未知,公开招标
417,一住改造第一批家具采购,一住改造第一批家具采购,74.9,成都市中西医结合医院（成都市第一人民医院、成都市中医医院）,未知,公开招标
418,河北省消防救援总队邢台市消防救援支队2025年度装备集中采购项目1包、2包,河北省消防救援总队邢台市消防救援支队2025年度装备集中采购项目1包、2包,56.1,邢台市消防救援支队,未知,公开招标
419,红河州中医医院2026、2027年物业管理服务项目,红河州中医医院2026、2027年物业管理服务项目,265.0,红河哈尼族彝族自治州中医医院,未知,公开招标
420,河北省消防救援总队邢台市消防救援支队2025年度装备集中采购项目3包、4包,河北省消防救援总队邢台市消防救援支队2025年度装备集中采购项目3包、4包,79.82,邢台市消防救援支队,未知,公开招标
421,河北省消防救援总队邢台市消防救援支队2025年度装备集中采购项目3包、4包,河北省消防救援总队邢台市消防救援支队2025年度装备集中采购项目3包、4包,71.91,邢台市消防救援支队,未知,公开招标
422,首都医科大学附属北京积水潭医院回龙观院区飞利浦DSA设备维保服务项目,首都医科大学附属北京积水潭医院回龙观院区飞利浦DSA设备维保服务项目,140.0,首都医科大学附属北京积水潭医院,未知,公开招标
423,首都医科大学附属北京积水潭医院三院区岛津品牌放射设备维保服务项目,首都医科大学附属北京积水潭医院三院区岛津品牌放射设备维保服务项目,300.0,首都医科大学附属北京积水潭医院,未知,公开招标
424,2025年第二批医疗设备采购项目（12）,2025年第二批医疗设备采购项目（12）,20.0,成都市中西医结合医院（成都市第一人民医院、成都市中医医院）,未知,公开招标
425,2026年度东莞虎门港综合保税区政务云资源租赁项目招标公告,2026年度东莞虎门港综合保税区政务云资源租赁项目招标公告,,未知,未知,公开招标
426,全市一张网线路租赁项目,全市一张网线路租赁项目,529.0,迁安市数据科技和工业信息化局,未知,公开招标
427,病人监护仪等设备采购项目,病人监护仪等设备采购项目,59.3,保定市第一医院,未知,公开招标
428,保定市妇幼保健院公立医院改革与高质量发展示范项目医疗设备采购项目,保定市妇幼保健院公立医院改革与高质量发展示范项目医疗设备采购项目,369.42,保定市妇幼保健院,未知,公开招标
429,保定市第一中心医院医技预约系统升级、机构知识库信息化平台采购项目,保定市第一中心医院医技预约系统升级、机构知识库信息化平台采购项目,42.06,保定市第一中心医院,未知,公开招标
430,任丘市人民医院眼底造影机采购项目,任丘市人民医院眼底造影机采购项目,80.0,任丘市人民医院本级,未知,公开招标
431,人体成分分析仪等设备采购项目,人体成分分析仪等设备采购项目,67.9,保定市第一医院,未知,公开招标
432,重症系统（RICU）,重症系统（RICU）,45.0,武汉市中西医结合医院,未知,公开招标
433,郑州航空港经济综合实验区教育卫生体育局消防、安防和急救设备采购项目,郑州航空港经济综合实验区教育卫生体育局消防、安防和急救设备采购项目,216.01,郑州航空港经济综合实验区教育卫生体育局,未知,公开招标
434,武汉体育学院工程造价咨询服务项目,武汉体育学院工程造价咨询服务项目,139.83,武汉体育学院,未知,公开招标
435,定远县政务中心及档案馆大楼物业服务项目,定远县政务中心及档案馆大楼物业服务项目,825.0,定远县机关事务管理服务中心,未知,公开招标
436,郑州市第三人民医院信息化软硬件运维项目,郑州市第三人民医院信息化软硬件运维项目,300.0,郑州市第三人民医院,未知,公开招标
437,长江上海航道处2026年航标维保服务采购项目,长江上海航道处2026年航标维保服务采购项目,169.54,长江上海航道管理处,未知,公开招标
438,两江新区大气污染监管能力提升项目,两江新区大气污染监管能力提升项目,190.0,重庆市生态环境局两江新区分局,未知,公开招标
439,2026年春节及建军节走访慰问品采购,2026年春节及建军节走访慰问品采购,64.98,成都市金牛区退役军人事务局,未知,公开招标
440,东莞中学食材配送项目（冻肉、冰鲜类）招标公告,东莞中学食材配送项目（冻肉、冰鲜类）招标公告,,未知,未知,公开招标
441,柳州市公安局视频专网设备采购,柳州市公安局视频专网设备采购,81.26,柳州市公安局,未知,公开招标
442,天山等四部雷达工程项目-集贤二次雷达工程项目,天山等四部雷达工程项目-集贤二次雷达工程项目,895.82,中国民用航空东北地区空中交通管理局,未知,公开招标
443,天津市蓟州区消防救援支队2026年度食品配送项目,天津市蓟州区消防救援支队2026年度食品配送项目,510.0,蓟州区消防救援支队,未知,公开招标
444,辽宁某局采购食堂主副食配送服务项目,辽宁某局采购食堂主副食配送服务项目,240.0,SPD-26,未知,公开招标
445,武汉体育学院工程造价咨询服务项目,武汉体育学院工程造价咨询服务项目,59.53,武汉体育学院,未知,公开招标
446,红花岗区口腔医院信息化建设项目B包软件（二次采购）,红花岗区口腔医院信息化建设项目B包软件（二次采购）,71.0,遵义市红花岗区口腔医院,未知,公开招标
447,保安保洁及绿化管理,保安保洁及绿化管理,193.0,浦东新区救助站,未知,公开招标
448,大连太平湾合作创新区规划建设局非公证继承第三方公证服务单位采购项目,大连太平湾合作创新区规划建设局非公证继承第三方公证服务单位采购项目,40.0,大连太平湾合作创新区规划建设局,未知,公开招标
449,齐齐哈尔市五官医院眼科门诊设备采购招标公告,齐齐哈尔市五官医院眼科门诊设备采购招标公告,,未知,未知,公开招标
450,遵义医科大学附属医院2024年大规模设备更新项目（二次）,遵义医科大学附属医院2024年大规模设备更新项目（二次）,3000.0,贵州省卫生健康委员会,未知,公开招标
451,应急管理部消防救援局南京训练总队智慧教学设备建设项目,应急管理部消防救援局南京训练总队智慧教学设备建设项目,56.61,应急管理部消防救援局南京训练总队,未知,公开招标
452,庄河市四家乡镇养老院建设医疗延伸点购买设备采购项目,庄河市四家乡镇养老院建设医疗延伸点购买设备采购项目,178.2,庄河市卫生健康局,未知,公开招标
453,文化馆数字化运营,文化馆数字化运营,126.53,北京市文化馆（北京文化艺术活动中心、北京市文化旅游志愿者服务中心）,未知,公开招标
454,星海音乐学院招生考试视频考试服务采购项目招标公告,星海音乐学院招生考试视频考试服务采购项目招标公告,,未知,未知,公开招标
455,鼓楼中医中央财政支持中医药事业传承与发展示范试点项目补助资金医疗设备采购项目,鼓楼中医中央财政支持中医药事业传承与发展示范试点项目补助资金医疗设备采购项目,954.59,北京市鼓楼中医医院,未知,公开招标
456,八大处新春文化庙会,八大处新春文化庙会,150.0,北京市八大处公园管理处本级,未知,公开招标
457,区城运中心城运督查服务项目,区城运中心城运督查服务项目,274.8,上海市青浦区城市运行管理中心,未知,公开招标
458,大连海关2025年空港入境手提行李预检作业模式升级改造项目采购项目（重新招标）,大连海关2025年空港入境手提行李预检作业模式升级改造项目采购项目（重新招标）,93.0,海关总署物资装备采购中心,未知,公开招标
459,宁夏回族自治区民政厅本级2025年社区慈善项目,宁夏回族自治区民政厅本级2025年社区慈善项目,400.0,宁夏回族自治区民政厅本级,未知,公开招标
460,2025年度陕西省省级政务数据运营服务项目,2025年度陕西省省级政务数据运营服务项目,2671.59,陕西省政务大数据服务中心,未知,公开招标
461,2025年北京同仁医院医用设备购置项目（四）,2025年北京同仁医院医用设备购置项目（四）,160.0,首都医科大学附属北京同仁医院,未知,公开招标
462,2025年进口医疗设备采购项目(二次),2025年进口医疗设备采购项目(二次),46.0,西昌市人民医院,未知,公开招标
463,暖心计划保险项目其他金融服务采购项目,暖心计划保险项目其他金融服务采购项目,7080.4,北京市计划生育协会,未知,公开招标
464,2025年进口医疗设备采购项目（第二批）,2025年进口医疗设备采购项目（第二批）,755.0,西昌市人民医院,未知,公开招标
465,家具,家具,129.42,上海交通大学,未知,公开招标
466,信息公告,信息公告,,未知,未知,公开招标
467,山东省临沂市费县消防救援大队餐厅食材采购项目,山东省临沂市费县消防救援大队餐厅食材采购项目,209.94,费县消防救援大队,未知,公开招标
468,中华人民共和国深圳海事局2026年食堂服务外包项目,中华人民共和国深圳海事局2026年食堂服务外包项目,368.0,中华人民共和国深圳海事局,未知,公开招标
469,国家税务总局陕西省税务局2025年政务系统运行维护项目,国家税务总局陕西省税务局2025年政务系统运行维护项目,288.0,国家税务总局陕西省税务局,未知,公开招标
470,国家税务总局进贤县税务局食堂食材配送采购项目,国家税务总局进贤县税务局食堂食材配送采购项目,77.0,国家税务总局进贤县税务局,未知,公开招标
471,三维沉浸视频实时编解码高性能计算设备采购项目,三维沉浸视频实时编解码高性能计算设备采购项目,560.0,zycgr21071303,未知,公开招标
472,复旦大学附属华山医院消化道电子内镜采购项目,复旦大学附属华山医院消化道电子内镜采购项目,100.0,复旦大学附属华山医院,未知,公开招标
473,复旦大学附属华山医院多院区3M环氧乙烷消毒设备维修保养服务项目,复旦大学附属华山医院多院区3M环氧乙烷消毒设备维修保养服务项目,53.1,复旦大学附属华山医院,未知,公开招标
474,陆良县职业技术学校物业管理服务采购项目（二次）,陆良县职业技术学校物业管理服务采购项目（二次）,38.8,陆良县职业技术学校,未知,公开招标
475,广东省人民医院血液净化中心医疗场地租赁项目(二次)（项目编号：M4400000707533801001）招标公告,广东省人民医院血液净化中心医疗场地租赁项目(二次)（项目编号：M4400000707533801001）招标公告,,未知,未知,公开招标
476,云南省肿瘤医院2025年第108批政府采购（耳鼻咽喉头颈外科手术显微镜 ）,云南省肿瘤医院2025年第108批政府采购（耳鼻咽喉头颈外科手术显微镜 ）,35.0,云南省肿瘤医院,未知,公开招标
477,哈尔滨医科大学附属肿瘤医院BDFACSCantoll流式细胞仪单一来源公告,哈尔滨医科大学附属肿瘤医院BDFACSCantoll流式细胞仪单一来源公告,,未知,未知,公开招标
478,晋江市南侨中学标准化考点数字无线信号屏蔽系统建设,晋江市南侨中学标准化考点数字无线信号屏蔽系统建设,59.85,晋江市南侨中学,未知,公开招标
479,廉江市公安局采购省公安厅广东环粤道路视频监控及卡口补点建设项目招标公告,廉江市公安局采购省公安厅广东环粤道路视频监控及卡口补点建设项目招标公告,,未知,未知,公开招标
480,浙江师范大学高端电影专业摄像机采购项目,浙江师范大学高端电影专业摄像机采购项目,60.0,浙江师范大学,未知,公开招标
481,防腐药水采购,防腐药水采购,45.0,成都市锦江区殡葬服务中心,未知,公开招标
482,采购彩超影像设备,采购彩超影像设备,60.0,成都市武侯区玉林社区卫生服务中心,未知,公开招标
483,2026年石门二路社区文化活动中心日常运作管理项目,2026年石门二路社区文化活动中心日常运作管理项目,136.0,上海市静安区人民政府石门二路街道办事处,未知,公开招标
484,西安市第五医院关节镜系统等零星设备一批(三次)招标公告,西安市第五医院关节镜系统等零星设备一批(三次)招标公告,,未知,未知,公开招标
485,蕲春县2025年度地膜科学使用回收项目包三：加厚高强度地膜(果茶园地膜)（数量88吨）、回收体系建设二次,蕲春县2025年度地膜科学使用回收项目包三：加厚高强度地膜(果茶园地膜)（数量88吨）、回收体系建设二次,213.2,蕲春县农业农村局,未知,公开招标
486,海珠区2026-2028年“一张图”平台控制性详细规划信息动态更新维护项目招标公告,海珠区2026-2028年“一张图”平台控制性详细规划信息动态更新维护项目招标公告,,未知,未知,公开招标
487,承德市交通运输局服务保障中心2026年国省干线日常养护及小修保养项目,承德市交通运输局服务保障中心2026年国省干线日常养护及小修保养项目,337.41,承德市交通运输局本级,未知,公开招标
488,郧西县6座乡镇垃圾填埋场地下水评估服务项目,郧西县6座乡镇垃圾填埋场地下水评估服务项目,240.0,郧西县住房和城乡建设局本级,未知,公开招标
489,安平县人民医院保洁服务项目,安平县人民医院保洁服务项目,198.07,安平县卫生健康局本级,未知,公开招标
490,中共承德市委党校物业服务外包项目,中共承德市委党校物业服务外包项目,685.83,中共承德市委党校本级,未知,公开招标
491,电气维修耗材,电气维修耗材,199.23,河北医科大学第三医院,未知,公开招标
492,石家庄经济技术开发区2026年度委托评审评估审计服务项目,石家庄经济技术开发区2026年度委托评审评估审计服务项目,18.0,石家庄经济技术开发区管理委员会,未知,公开招标
493,河北经贸大学学生宿舍(二期)建设项目被动式超低能耗建筑咨询,河北经贸大学学生宿舍(二期)建设项目被动式超低能耗建筑咨询,58.65,河北经贸大学,未知,公开招标
494,浙江省嘉善县第一人民医院血透室扩容项目,浙江省嘉善县第一人民医院血透室扩容项目,300.0,浙江省嘉善县第一人民医院,未知,公开招标
495,新疆医科大学第一附属医院肝包虫病智能化诊疗及数据上报平台采购项目,新疆医科大学第一附属医院肝包虫病智能化诊疗及数据上报平台采购项目,130.0,新疆医科大学第一附属医院,未知,公开招标
496,新疆医科大学第一附属医院儿童保健系统采购项目,新疆医科大学第一附属医院儿童保健系统采购项目,60.0,新疆医科大学第一附属医院,未知,公开招标
497,新疆医科大学第一附属医院肌钙蛋白I测试卡等一批采购项目,新疆医科大学第一附属医院肌钙蛋白I测试卡等一批采购项目,197.2,新疆医科大学第一附属医院,未知,公开招标
498,茂名市老年人意外伤害综合保险项目招标公告,茂名市老年人意外伤害综合保险项目招标公告,,未知,未知,公开招标
499,哈尔滨医科大学附属肿瘤医院BDFACSAriaII流式细胞仪488nm激光器光纤1、保养套件1、接头2单一来源公告,哈尔滨医科大学附属肿瘤医院BDFACSAriaII流式细胞仪488nm激光器光纤1、保养套件1、接头2单一来源公告,,未知,未知,公开招标
500,贵州省普定监狱2025年度肉食品采购B包：鱼、虾等水产品（二次）,贵州省普定监狱2025年度肉食品采购B包：鱼、虾等水产品（二次）,34.0,贵州省普定监狱,未知,公开招标
501,新疆医科大学第一附属医院甲状旁腺素（PTH）测定试剂盒等一批采购项目,新疆医科大学第一附属医院甲状旁腺素（PTH）测定试剂盒等一批采购项目,35.0,新疆医科大学第一附属医院,未知,公开招标
502,新疆医科大学第一附属医院革兰氏阴性菌脂多糖检测试剂盒(显色法)等19项采购项目,新疆医科大学第一附属医院革兰氏阴性菌脂多糖检测试剂盒(显色法)等19项采购项目,101.8,新疆医科大学第一附属医院,未知,公开招标
503,新疆医科大学第一附属医院新疆心血管疾病全周期管理系统项目（二次）,新疆医科大学第一附属医院新疆心血管疾病全周期管理系统项目（二次）,50.0,新疆医科大学第一附属医院,未知,公开招标
504,哈尔滨医科大学附属肿瘤医院院内系统运维改造单一来源公告,哈尔滨医科大学附属肿瘤医院院内系统运维改造单一来源公告,,未知,未知,公开招标
505,体外循环机采购项目,体外循环机采购项目,350.0,钦州市第一人民医院,未知,公开招标
506,上海城市剧院委托运营管理服务项目,上海城市剧院委托运营管理服务项目,390.0,上海市闵行区文化和旅游局,未知,公开招标
507,安阳市二道街幼儿园（东区园）设备采购项目,安阳市二道街幼儿园（东区园）设备采购项目,64.84,安阳市二道街幼儿园,未知,公开招标
508,安阳市二道街幼儿园（东区园）设备采购项目,安阳市二道街幼儿园（东区园）设备采购项目,208.08,安阳市二道街幼儿园,未知,公开招标
509,哈尔滨医科大学附属肿瘤医院医保微信移动支付单一来源公告,哈尔滨医科大学附属肿瘤医院医保微信移动支付单一来源公告,,未知,未知,公开招标
510,城乡义务教育生均公用经费（小学）保安服务采购项目,城乡义务教育生均公用经费（小学）保安服务采购项目,88.13,北京市海淀区中关村第三小学,未知,公开招标
511,餐厨垃圾清运服务第1次再次采购,餐厨垃圾清运服务第1次再次采购,963.5,上海市闵行区虹桥镇城市建设管理事务中心,未知,公开招标
512,餐厨垃圾清运服务第1次再次采购,餐厨垃圾清运服务第1次再次采购,963.5,上海市闵行区虹桥镇城市建设管理事务中心,未知,公开招标
513,新华社区采购办公家具,新华社区采购办公家具,43.02,葛店镇人民政府,未知,公开招标
514,榕江县校园班班通设备采购项目,榕江县校园班班通设备采购项目,479.2,榕江县教育局,未知,公开招标
515,广州市海珠区国土空间规划动态维护招标公告,广州市海珠区国土空间规划动态维护招标公告,,未知,未知,公开招标
516,河南科技大学智慧农业装备平台畜牧兽医学科核心竞争力提升项目,河南科技大学智慧农业装备平台畜牧兽医学科核心竞争力提升项目,200.0,河南科技大学,未知,公开招标
517,民乐县民联镇人民政府民乐县民联镇2025年整镇推进农村环境整治项目（吸污车采购）招标公告,民乐县民联镇人民政府民乐县民联镇2025年整镇推进农村环境整治项目（吸污车采购）招标公告,,未知,未知,公开招标
518,中国农业科学院蜜蜂研究所农业农村部蜂产品加工技术科研试验基地建设项目,中国农业科学院蜜蜂研究所农业农村部蜂产品加工技术科研试验基地建设项目,628.25,中国农业科学院蜜蜂研究所,未知,公开招标
519,东南大学干部人事档案库房智能管理系统采购,东南大学干部人事档案库房智能管理系统采购,38.0,东南大学,未知,公开招标
520,佳木斯市中心医院病理科体外诊断试剂(二次)招标公告,佳木斯市中心医院病理科体外诊断试剂(二次)招标公告,,未知,未知,公开招标
521,2026年度湖东街道市容服务项目,2026年度湖东街道市容服务项目,200.0,湖州市吴兴区人民政府湖东街道办事处,未知,公开招标
522,库尔勒市第二十一中学科技进校园设备及配件设施采购项目,库尔勒市第二十一中学科技进校园设备及配件设施采购项目,42.94,库尔勒市第二十一中学,未知,公开招标
523,西安市公安局西咸新区公安局工会会员福利二标段招标公告,西安市公安局西咸新区公安局工会会员福利二标段招标公告,,未知,未知,公开招标
524,信息公告,信息公告,,未知,未知,公开招标
525,谷城县民政局低保对象住院陪护购买服务,谷城县民政局低保对象住院陪护购买服务,380.0,谷城县民政局本级,未知,公开招标
526,武汉铁路职业技术学院轨道交通产教融合大楼项目建议书、可行性研究报告咨询服务项目,武汉铁路职业技术学院轨道交通产教融合大楼项目建议书、可行性研究报告咨询服务项目,18.0,武汉铁路职业技术学院,未知,公开招标
527,2025年昆明市延安医院（妇科产科）彩超维保项目,2025年昆明市延安医院（妇科产科）彩超维保项目,22.46,昆明市延安医院,未知,公开招标
528,激波管成像光谱诊断系统,激波管成像光谱诊断系统,720.0,西南科技大学,未知,公开招标
529,2026-2027年度自治区本级财政投资评审服务框架协议采购,2026-2027年度自治区本级财政投资评审服务框架协议采购,0.0,广西壮族自治区财政厅财政投资评审中心,未知,公开招标
530,光谷人民医院信息化终端及相关设备采购项目,光谷人民医院信息化终端及相关设备采购项目,958.4,武汉东湖新技术开发区卫生健康局,未知,公开招标
531,昭通市中医医院口腔科口腔显微镜等医疗设备采购,昭通市中医医院口腔科口腔显微镜等医疗设备采购,70.0,昭通市中医医院,未知,公开招标
532,云南大学附属医院重大疑难疾病中西医协同设备采购项目（二）,云南大学附属医院重大疑难疾病中西医协同设备采购项目（二）,57.0,云南大学附属医院,未知,公开招标
533,云南大学附属医院重大疑难疾病中西医协同设备采购项目（三）,云南大学附属医院重大疑难疾病中西医协同设备采购项目（三）,108.0,云南大学附属医院,未知,公开招标
534,超声诊断系统,超声诊断系统,125.0,十堰市太和医院,未知,公开招标
535,2025年江苏省政务“一朵云”盐城骨干节点（县区云服务）采购项目,2025年江苏省政务“一朵云”盐城骨干节点（县区云服务）采购项目,2382.2,盐城市大数据管理中心,未知,公开招标
536,2026年度局机关饭堂食材配送服务招标公告,2026年度局机关饭堂食材配送服务招标公告,,未知,未知,公开招标
537,吉林大学第一医院超声治疗仪(聚焦超声皮肤治疗仪)采购项目,吉林大学第一医院超声治疗仪(聚焦超声皮肤治疗仪)采购项目,140.0,吉林大学第一医院,未知,公开招标
538,眼科手术显微镜采购项目招标公告,眼科手术显微镜采购项目招标公告,,未知,未知,公开招标
539,宁德师范学院附属宁德市医院2025年病理科肿瘤基因外送检测服务项目,宁德师范学院附属宁德市医院2025年病理科肿瘤基因外送检测服务项目,100.0,宁德师范学院附属宁德市医院,未知,公开招标
540,2025-2028年度福州市鼓楼区老旧小区化粪池清掏服务,2025-2028年度福州市鼓楼区老旧小区化粪池清掏服务,160.0,福州市鼓楼区住房和建设局,未知,公开招标
541,金华经济技术开发区生活垃圾分类第三方考评服务项目,金华经济技术开发区生活垃圾分类第三方考评服务项目,204.0,金华经济技术开发区建设更新部,未知,公开招标
542,柯坪县驼毛绒清洗设备采购项目,柯坪县驼毛绒清洗设备采购项目,210.0,柯坪县农业农村局,未知,公开招标
543,长春高新技术产业开发区党政综合办公室法律专项服务征集采购项目,长春高新技术产业开发区党政综合办公室法律专项服务征集采购项目,0.0,长春高新技术产业开发区党政综合办公室,未知,公开招标
544,宁波市奉化区2026年-2028年城区道路等保洁服务项目,宁波市奉化区2026年-2028年城区道路等保洁服务项目,5733.2,宁波市奉化区住房和城乡建设局,未知,公开招标
545,武汉工程大学四号教学楼智慧化改造项目,武汉工程大学四号教学楼智慧化改造项目,800.54,武汉工程大学,未知,公开招标
546,2026年亮化巡查及维修服务,2026年亮化巡查及维修服务,199.35,武汉经济技术开发区（汉南区）城市管理执法局,未知,公开招标
547,响水县张集卫生院X线计算机体层摄影设备（CT）采购,响水县张集卫生院X线计算机体层摄影设备（CT）采购,250.0,响水县张集卫生院,未知,公开招标
548,江苏省公安厅证件制作中心居民身份证膜打印设备按印付费全包服务采购项目,江苏省公安厅证件制作中心居民身份证膜打印设备按印付费全包服务采购项目,524.0,江苏省公安厅证件制作中心,未知,公开招标
549,南京市鼓楼区华侨路社区卫生服务中心中药饮片及药事服务采购项目,南京市鼓楼区华侨路社区卫生服务中心中药饮片及药事服务采购项目,150.0,南京市鼓楼区华侨路社区卫生服务中心,未知,公开招标
550,“楚鹰”警航应用升级项目,“楚鹰”警航应用升级项目,178.19,宿迁市公安局,未知,公开招标
551,2025年甘肃省庆阳市东南部陇东地区生态保护修复和水土流失综合治理项目庆城县人工造乔木林(二次),2025年甘肃省庆阳市东南部陇东地区生态保护修复和水土流失综合治理项目庆城县人工造乔木林(二次),601.67,庆城县林业和草原局,未知,公开招标
552,可视化电生理精准诊断系统等设备购置项目,可视化电生理精准诊断系统等设备购置项目,281.48,北海市人民医院,未知,公开招标
553,黑龙江职业学院现代畜牧技术实训设备采购（农牧工程学院）(二次)招标公告,黑龙江职业学院现代畜牧技术实训设备采购（农牧工程学院）(二次)招标公告,,未知,未知,公开招标
554,信息公告,信息公告,,未知,未知,公开招标
555,谷城县民政局低保对象住院陪护购买服务,谷城县民政局低保对象住院陪护购买服务,380.0,谷城县民政局本级,未知,公开招标
556,武汉铁路职业技术学院轨道交通产教融合大楼项目建议书、可行性研究报告咨询服务项目,武汉铁路职业技术学院轨道交通产教融合大楼项目建议书、可行性研究报告咨询服务项目,18.0,武汉铁路职业技术学院,未知,公开招标
557,2025年昆明市延安医院（妇科产科）彩超维保项目,2025年昆明市延安医院（妇科产科）彩超维保项目,22.46,昆明市延安医院,未知,公开招标
558,激波管成像光谱诊断系统,激波管成像光谱诊断系统,720.0,西南科技大学,未知,公开招标
559,2026-2027年度自治区本级财政投资评审服务框架协议采购,2026-2027年度自治区本级财政投资评审服务框架协议采购,0.0,广西壮族自治区财政厅财政投资评审中心,未知,公开招标
560,光谷人民医院信息化终端及相关设备采购项目,光谷人民医院信息化终端及相关设备采购项目,958.4,武汉东湖新技术开发区卫生健康局,未知,公开招标
561,昭通市中医医院口腔科口腔显微镜等医疗设备采购,昭通市中医医院口腔科口腔显微镜等医疗设备采购,70.0,昭通市中医医院,未知,公开招标
562,云南大学附属医院重大疑难疾病中西医协同设备采购项目（二）,云南大学附属医院重大疑难疾病中西医协同设备采购项目（二）,57.0,云南大学附属医院,未知,公开招标
563,云南大学附属医院重大疑难疾病中西医协同设备采购项目（三）,云南大学附属医院重大疑难疾病中西医协同设备采购项目（三）,108.0,云南大学附属医院,未知,公开招标
564,超声诊断系统,超声诊断系统,125.0,十堰市太和医院,未知,公开招标
565,2025年江苏省政务“一朵云”盐城骨干节点（县区云服务）采购项目,2025年江苏省政务“一朵云”盐城骨干节点（县区云服务）采购项目,2382.2,盐城市大数据管理中心,未知,公开招标
566,2026年度局机关饭堂食材配送服务招标公告,2026年度局机关饭堂食材配送服务招标公告,,未知,未知,公开招标
567,吉林大学第一医院超声治疗仪(聚焦超声皮肤治疗仪)采购项目,吉林大学第一医院超声治疗仪(聚焦超声皮肤治疗仪)采购项目,140.0,吉林大学第一医院,未知,公开招标
568,眼科手术显微镜采购项目招标公告,眼科手术显微镜采购项目招标公告,,未知,未知,公开招标
569,宁德师范学院附属宁德市医院2025年病理科肿瘤基因外送检测服务项目,宁德师范学院附属宁德市医院2025年病理科肿瘤基因外送检测服务项目,100.0,宁德师范学院附属宁德市医院,未知,公开招标
570,2025-2028年度福州市鼓楼区老旧小区化粪池清掏服务,2025-2028年度福州市鼓楼区老旧小区化粪池清掏服务,160.0,福州市鼓楼区住房和建设局,未知,公开招标
571,金华经济技术开发区生活垃圾分类第三方考评服务项目,金华经济技术开发区生活垃圾分类第三方考评服务项目,204.0,金华经济技术开发区建设更新部,未知,公开招标
572,柯坪县驼毛绒清洗设备采购项目,柯坪县驼毛绒清洗设备采购项目,210.0,柯坪县农业农村局,未知,公开招标
573,长春高新技术产业开发区党政综合办公室法律专项服务征集采购项目,长春高新技术产业开发区党政综合办公室法律专项服务征集采购项目,0.0,长春高新技术产业开发区党政综合办公室,未知,公开招标
574,宁波市奉化区2026年-2028年城区道路等保洁服务项目,宁波市奉化区2026年-2028年城区道路等保洁服务项目,5733.2,宁波市奉化区住房和城乡建设局,未知,公开招标
575,武汉工程大学四号教学楼智慧化改造项目,武汉工程大学四号教学楼智慧化改造项目,800.54,武汉工程大学,未知,公开招标
576,2026年亮化巡查及维修服务,2026年亮化巡查及维修服务,199.35,武汉经济技术开发区（汉南区）城市管理执法局,未知,公开招标
577,响水县张集卫生院X线计算机体层摄影设备（CT）采购,响水县张集卫生院X线计算机体层摄影设备（CT）采购,250.0,响水县张集卫生院,未知,公开招标
578,江苏省公安厅证件制作中心居民身份证膜打印设备按印付费全包服务采购项目,江苏省公安厅证件制作中心居民身份证膜打印设备按印付费全包服务采购项目,524.0,江苏省公安厅证件制作中心,未知,公开招标
579,南京市鼓楼区华侨路社区卫生服务中心中药饮片及药事服务采购项目,南京市鼓楼区华侨路社区卫生服务中心中药饮片及药事服务采购项目,150.0,南京市鼓楼区华侨路社区卫生服务中心,未知,公开招标
580,“楚鹰”警航应用升级项目,“楚鹰”警航应用升级项目,178.19,宿迁市公安局,未知,公开招标
581,2025年甘肃省庆阳市东南部陇东地区生态保护修复和水土流失综合治理项目庆城县人工造乔木林(二次),2025年甘肃省庆阳市东南部陇东地区生态保护修复和水土流失综合治理项目庆城县人工造乔木林(二次),601.67,庆城县林业和草原局,未知,公开招标
582,可视化电生理精准诊断系统等设备购置项目,可视化电生理精准诊断系统等设备购置项目,281.48,北海市人民医院,未知,公开招标
583,黑龙江职业学院现代畜牧技术实训设备采购（农牧工程学院）(二次)招标公告,黑龙江职业学院现代畜牧技术实训设备采购（农牧工程学院）(二次)招标公告,,未知,未知,公开招标
584,哈尔滨理工大学超长期国债项目实验室管理平台等采购项目(二次)招标公告,哈尔滨理工大学超长期国债项目实验室管理平台等采购项目(二次)招标公告,,未知,未知,公开招标
585,2025年医学装备采购计划（第四批）,2025年医学装备采购计划（第四批）,369.0,重庆市江津区中心医院,未知,公开招标
586,康复设备一批第二次,康复设备一批第二次,139.4,黄冈市中医医院,未知,公开招标
587,河西学院附属张掖人民医院麻醉系统采购项目(三次)招标公告,河西学院附属张掖人民医院麻醉系统采购项目(三次)招标公告,,未知,未知,公开招标
588,云南省肿瘤医院2025年第112批政府采购（倒置荧光显微镜、全自动石蜡切片机、超低温冰箱、冰箱、倒置显微镜及成像系统、全自动冰冻切片机）,云南省肿瘤医院2025年第112批政府采购（倒置荧光显微镜、全自动石蜡切片机、超低温冰箱、冰箱、倒置显微镜及成像系统、全自动冰冻切片机）,128.85,云南省肿瘤医院,未知,公开招标
589,云南省肿瘤医院2025年第120批政府采购(高端彩色多普勒超声诊断仪),云南省肿瘤医院2025年第120批政府采购(高端彩色多普勒超声诊断仪),864.0,云南省肿瘤医院,未知,公开招标
590,楚雄彝族自治州人民医院2025年体检科高端彩色多普勒超声诊断系统、动脉硬化检测仪采购项目,楚雄彝族自治州人民医院2025年体检科高端彩色多普勒超声诊断系统、动脉硬化检测仪采购项目,217.0,楚雄彝族自治州人民医院,未知,公开招标
591,云南省肿瘤医院2025年第113批政府采购（电子鼻咽喉镜）,云南省肿瘤医院2025年第113批政府采购（电子鼻咽喉镜）,94.0,云南省肿瘤医院,未知,公开招标
592,互助县2025年渔业发展补助资金项目,互助县2025年渔业发展补助资金项目,287.0,互助土族自治县农业农村和科技局,未知,公开招标
593,虹口区视觉中枢平台——安全防护建设项目,虹口区视觉中枢平台——安全防护建设项目,390.5,上海市虹口区城市运行综合管理中心,未知,公开招标
594,上海世外教育附属虹口区欧阳学校物业管理采购服务,上海世外教育附属虹口区欧阳学校物业管理采购服务,303.3,上海世外教育附属虹口区欧阳学校,未知,公开招标
595,物业管理费,物业管理费,138.5,上海市虹口区卫生事务服务中心,未知,公开招标
596,2026年春节、元宵节花灯及灯饰亮化制作项目,2026年春节、元宵节花灯及灯饰亮化制作项目,179.86,西宁市城中区文体旅游科技局,未知,公开招标
597,2026年城中区南川河河道区域花灯及灯展亮化制作项目,2026年城中区南川河河道区域花灯及灯展亮化制作项目,260.07,西宁市城中区文体旅游科技局,未知,公开招标
598,虞城县农业农村局虞城县2025年玉米单产提升工程项目,虞城县农业农村局虞城县2025年玉米单产提升工程项目,2988.0,虞城县农业农村局,未知,公开招标
599,宁夏回族自治区中西医结合医院（宁夏回族自治区第三人民医院）妇产综合楼医疗设备购置项目第一批（一）,宁夏回族自治区中西医结合医院（宁夏回族自治区第三人民医院）妇产综合楼医疗设备购置项目第一批（一）,536.0,宁夏回族自治区中西医结合医院,未知,公开招标
600,彩色多普勒超声诊断仪采购项目招标公告,彩色多普勒超声诊断仪采购项目招标公告,,未知,未知,公开招标
601,物业管理服务-物业,物业管理服务-物业,117.01,上海财经大学附属北郊高级中学,未知,公开招标
602,敦煌市2026年度-2027年度党政机关和事业单位印刷服务框架协议采购项目,敦煌市2026年度-2027年度党政机关和事业单位印刷服务框架协议采购项目,0.0,敦煌市财政局,未知,公开招标
603,重庆市江北区观音桥商圈管理办公室所需社会综治服务项目,重庆市江北区观音桥商圈管理办公室所需社会综治服务项目,269.0,重庆市江北区观音桥商圈管理办公室,未知,公开招标
604,四川大学华西医院交通车租赁服务采购项目,四川大学华西医院交通车租赁服务采购项目,180.0,四川大学华西医院,未知,公开招标
605,珠海市北京师范大学香山中学设备购置--实验室类采购招标公告,珠海市北京师范大学香山中学设备购置--实验室类采购招标公告,,未知,未知,公开招标
606,吴忠市人民医院2025年第二批医疗器械设备更新补充采购项目四标段（二次）,吴忠市人民医院2025年第二批医疗器械设备更新补充采购项目四标段（二次）,26.0,吴忠市人民医院,未知,公开招标
607,临沧市人民医院2025年第二批医疗设备（脊柱骨病肿瘤科）专用设备采购（二次）,临沧市人民医院2025年第二批医疗设备（脊柱骨病肿瘤科）专用设备采购（二次）,294.0,临沧市人民医院,未知,公开招标
608,昆明市晋宁区中等专业学校购买学生管理服务,昆明市晋宁区中等专业学校购买学生管理服务,60.0,昆明市晋宁区中等专业学校,未知,公开招标
609,确山县民政局确山县中心城区综合养老改扩建项目新建建筑空调及电梯采购项目,确山县民政局确山县中心城区综合养老改扩建项目新建建筑空调及电梯采购项目,269.22,确山县民政局,未知,公开招标
610,商丘市园林绿化中心2026年市管道路和公园绿地应急设施修缮维护服务项目,商丘市园林绿化中心2026年市管道路和公园绿地应急设施修缮维护服务项目,220.0,商丘市园林绿化中心,未知,公开招标
611,2026年网络设备间设备运维及小设备维护服务项目,2026年网络设备间设备运维及小设备维护服务项目,69.0,四川省交通运输综合行政执法总队,未知,公开招标
612,2025年义务教育薄弱环节改善与能力提升项目（智慧体育）,2025年义务教育薄弱环节改善与能力提升项目（智慧体育）,40.0,郧西县电教站,未知,公开招标
613,平湖市第一人民医院眼科医疗设备,平湖市第一人民医院眼科医疗设备,140.0,平湖市第一人民医院,未知,公开招标
614,三门峡职业技术学院天鹅湖校区心理健康教育中心建设项目,三门峡职业技术学院天鹅湖校区心理健康教育中心建设项目,257.64,三门峡职业技术学院,未知,公开招标
615,大庆市公安局监所管理支队在押人员伙房肉类食材供应商采购项目招标公告,大庆市公安局监所管理支队在押人员伙房肉类食材供应商采购项目招标公告,,未知,未知,公开招标
616,中国科学院合肥物质科学研究院高性能计算服务器采购项目,中国科学院合肥物质科学研究院高性能计算服务器采购项目,600.0,中国科学院合肥物质科学研究院,未知,公开招标
617,北辰消防站健身器材采购项目,北辰消防站健身器材采购项目,14.4,长沙市开福区消防救援大队,未知,公开招标
618,2026年省交通运输综合行政执法无线语音通讯服务项目,2026年省交通运输综合行政执法无线语音通讯服务项目,170.0,四川省交通运输综合行政执法总队,未知,公开招标
619,网络营销与直播电商中心,网络营销与直播电商中心,120.0,重庆工信职业学院,未知,公开招标
620,云南省第三监狱2026年罪犯医药品采购（二标段耗材）,云南省第三监狱2026年罪犯医药品采购（二标段耗材）,30.0,云南省第三监狱,未知,公开招标
621,长春市儿童医院高质量发展示范项目-危重新生儿救治能力提升项目二,长春市儿童医院高质量发展示范项目-危重新生儿救治能力提升项目二,370.0,长春市儿童医院,未知,公开招标
622,常熟市南湖生活垃圾填埋场渗滤液处理服务,常熟市南湖生活垃圾填埋场渗滤液处理服务,170.0,常熟市环境卫生管理处,未知,公开招标
623,青海大学附属医院为部分科室新购置一批次办公家具、打印设备和空调设备项目,青海大学附属医院为部分科室新购置一批次办公家具、打印设备和空调设备项目,65.85,青海大学附属医院,未知,公开招标
624,基层农技推广体系改革与建设项目,基层农技推广体系改革与建设项目,56.86,龙井市农业技术推广中心,未知,公开招标；5.2标段划分：一个标段；5.3资金来源：公共财政预算资金，出资比例为100%；5.4付款方式：付款方式详见合同条款；5.5质量要求：符合国家及行业现行相关合格标准；5.6供货地点：采购单位指定地点。
625,百色海事局2026-2027年社会化船员及海事趸船值守人员服务项目,百色海事局2026-2027年社会化船员及海事趸船值守人员服务项目,212.9,中华人民共和国百色海事局,未知,公开招标
626,东胜街道食堂采购配送综合服务项目,东胜街道食堂采购配送综合服务项目,62.0,宁波市鄞州区人民政府东胜街道办事处,未知,公开招标
627,二通道-宝山村路口信号灯安装项目,二通道-宝山村路口信号灯安装项目,62.5,宁波市公安局交通管理支队北仑大队,未知,公开招标
628,合肥市智慧托育数字化平台项目第2、4、5包（2次）,合肥市智慧托育数字化平台项目第2、4、5包（2次）,20.96,合肥市卫生健康委员会,未知,公开招标
629,安徽体育运动职业技术学院2025年省体校学生训练保障服装采购项目（四次）,安徽体育运动职业技术学院2025年省体校学生训练保障服装采购项目（四次）,40.0,安徽体育运动职业技术学院,未知,公开招标
630,沧州生态环境监测中心办公业务用房租赁(2026年度),沧州生态环境监测中心办公业务用房租赁(2026年度),160.0,河北省沧州生态环境监测中心,未知,公开招标
631,河北医科大学第二医院省级医疗机构能力提升项目及省级公立医院帮扶市县临床重点专科项目,河北医科大学第二医院省级医疗机构能力提升项目及省级公立医院帮扶市县临床重点专科项目,18.0,河北医科大学第二医院,未知,公开招标
632,隆尧县人力资源和社会保障局2026年职业技能培训项目,隆尧县人力资源和社会保障局2026年职业技能培训项目,80.0,隆尧县人力资源和社会保障局本级,未知,公开招标
633,沧州生态环境监测中心生态环境质量监测(2026年度辅助服务),沧州生态环境监测中心生态环境质量监测(2026年度辅助服务),80.0,河北省沧州生态环境监测中心,未知,公开招标
634,信宜市人民医院DSA造影机维保服务采购项目招标公告,信宜市人民医院DSA造影机维保服务采购项目招标公告,,未知,未知,公开招标
635,桐庐县中医院血透制水机采购项目,桐庐县中医院血透制水机采购项目,55.0,桐庐县中医院,未知,公开招标
636,病理信息系统,病理信息系统,40.0,四川省骨科医院,未知,公开招标
637,5G院前急救系统,5G院前急救系统,48.0,四川省骨科医院,未知,公开招标
638,兰州大学第一医院（第一临床医学院）手术无影灯项目招标公告,兰州大学第一医院（第一临床医学院）手术无影灯项目招标公告,,未知,未知,公开招标
639,急性脑卒中治疗智能决策平台维保项目,急性脑卒中治疗智能决策平台维保项目,16.5,武汉市第四医院,未知,公开招标
640,制剂生产药瓶包装服务采购项目,制剂生产药瓶包装服务采购项目,150.0,四川省骨科医院,未知,公开招标
641,平度市人民医院超融合等采购项目,平度市人民医院超融合等采购项目,370.0,平度市人民医院,未知,公开招标
642,崂山区养老院改造项目（康复医疗设备）,崂山区养老院改造项目（康复医疗设备）,84.17,青岛市崂山区民政局,未知,公开招标
643,吉林大学第一医院电子消化道内镜系统-2采购项目,吉林大学第一医院电子消化道内镜系统-2采购项目,715.0,吉林大学第一医院,未知,公开招标
644,第二批教学科研设备更新项目-气相色谱三重四极杆质谱联用仪采购项目,第二批教学科研设备更新项目-气相色谱三重四极杆质谱联用仪采购项目,250.0,西南石油大学,未知,公开招标
645,晋江市看守所一期智慧监管项目,晋江市看守所一期智慧监管项目,514.94,晋江市看守所,未知,公开招标
646,吉林大学第一医院电子消化道内镜系统-3采购项目,吉林大学第一医院电子消化道内镜系统-3采购项目,532.1,吉林大学第一医院,未知,公开招标
647,绿春县教育体育局中考考点学校标准化考场,绿春县教育体育局中考考点学校标准化考场,139.94,绿春县第一中学,未知,公开招标
648,2026年两校区生活垃圾、绿化垃圾清运处置及洒水车服务,2026年两校区生活垃圾、绿化垃圾清运处置及洒水车服务,110.0,四川师范大学,未知,公开招标
649,江南公共安全视频监控建设（雪亮二）服务项目二期,江南公共安全视频监控建设（雪亮二）服务项目二期,928.59,金华市公安局江南分局,未知,公开招标
650,光谷院区保安服务项目,光谷院区保安服务项目,739.8,湖北省人民医院,未知,公开招标
651,黄陂区公园绿地有偿使用项目,黄陂区公园绿地有偿使用项目,1.0,武汉市黄陂区园林和林业局,未知,公开招标
652,上海市消防救援总队2025年度战勤保障类车辆装备集中采购项目,上海市消防救援总队2025年度战勤保障类车辆装备集中采购项目,1075.91,上海市消防救援总队,未知,公开招标
653,哈尔滨医科大学附属第二医院干式荧光免疫分析仪试剂（2025335）单一来源公告,哈尔滨医科大学附属第二医院干式荧光免疫分析仪试剂（2025335）单一来源公告,,未知,未知,公开招标
654,南京航空航天大学将军路校区东区4号学生宿舍建设项目智能门锁,南京航空航天大学将军路校区东区4号学生宿舍建设项目智能门锁,67.0,南京航空航天大学,未知,公开招标
655,临潭县2025年村庄规划编制项目,临潭县2025年村庄规划编制项目,120.0,临潭县自然资源局,未知,公开招标
656,马鞍山市四村小学教育集团阳湖小学食堂厨房设备采购项目,马鞍山市四村小学教育集团阳湖小学食堂厨房设备采购项目,120.0,马鞍山市重点工程建设管理处,未知,公开招标
657,马鞍山市2026-2028年生活垃圾终端处置设施环保检测技术服务,马鞍山市2026-2028年生活垃圾终端处置设施环保检测技术服务,60.0,马鞍山市环境卫生管理处,未知,公开招标
658,血液透析机等设备采购项目,血液透析机等设备采购项目,50.0,隆昌市中医医院,未知,公开招标
659,2025年高标准农田土壤培肥改良项目苕子服务采购,2025年高标准农田土壤培肥改良项目苕子服务采购,290.91,浦城县农业农村局,未知,公开招标
660,2025年大兴分局DNA实验室耗材采购项目,2025年大兴分局DNA实验室耗材采购项目,500.0,北京市公安局大兴分局（本级）,未知,公开招标
661,指挥中心配套设施设备改造,指挥中心配套设施设备改造,78.97,四川省甘孜监狱,未知,公开招标
662,通江千佛岩石窟安防工程,通江千佛岩石窟安防工程,187.0,通江县文物保护研究中心,未知,公开招标
663,宁波市鄞州区人民政府中河街道办事处食品采购及配送服务项目,宁波市鄞州区人民政府中河街道办事处食品采购及配送服务项目,85.0,宁波市鄞州区人民政府中河街道办事处,未知,公开招标
664,博州纤维检验所检验保障与运营服务项目,博州纤维检验所检验保障与运营服务项目,141.0,博尔塔拉蒙古自治州纤维检验所,未知,公开招标
665,华宁县总医院2026年第三方病理检查服务项目,华宁县总医院2026年第三方病理检查服务项目,30.81,华宁县总医院,未知,公开招标
666,德宏州人民医院GE Optima CT540维保采购项目,德宏州人民医院GE Optima CT540维保采购项目,102.0,德宏州人民医院,未知,公开招标
667,银川市西夏区自然资源局西夏区西干渠管理处家属区城市更新改造项目征收拆除清渣服务,银川市西夏区自然资源局西夏区西干渠管理处家属区城市更新改造项目征收拆除清渣服务,298.84,银川市西夏区自然资源局,未知,公开招标
668,昆明市晋宁区紧密型医共体2026-2028年外送标本检验服务采购项目,昆明市晋宁区紧密型医共体2026-2028年外送标本检验服务采购项目,510.0,昆明市晋宁区人民医院,未知,公开招标
669,社会审计服务采购项目(二次),社会审计服务采购项目(二次),480.0,四川省审计厅,未知,公开招标
670,六盘水市妇幼保健院（六盘水市儿童医院）医疗设备采购项目第三批,六盘水市妇幼保健院（六盘水市儿童医院）医疗设备采购项目第三批,980.0,六盘水市妇幼保健院(六盘水市儿童医院）,未知,公开招标
671,河南省公安厅2025年全省民警被装面料采购项目,河南省公安厅2025年全省民警被装面料采购项目,4695.39,河南省公安厅,未知,公开招标
672,银川市西夏区自然资源局银川市西夏区“九小”住宅楼危旧房改造项目,银川市西夏区自然资源局银川市西夏区“九小”住宅楼危旧房改造项目,226.31,银川市西夏区自然资源局,未知,公开招标
673,安定镇西芦各庄村一体化污水处理设施采购项目,安定镇西芦各庄村一体化污水处理设施采购项目,200.0,北京市大兴区安定镇人民政府,未知,公开招标
674,晋江市医院（上海市第六人民医院福建医院）麻醉机、呼吸机（带高流量氧疗功能）设备采购,晋江市医院（上海市第六人民医院福建医院）麻醉机、呼吸机（带高流量氧疗功能）设备采购,292.0,晋江市医院（上海市第六人民医院福建医院）,未知,公开招标
675,新兴县社会治安视频监控及交通安全视频监控系统运维服务采购项目招标公告,新兴县社会治安视频监控及交通安全视频监控系统运维服务采购项目招标公告,,未知,未知,公开招标
676,国家税务总局泉州市税务局2026-2028年机关食堂食材配送服务项目,国家税务总局泉州市税务局2026-2028年机关食堂食材配送服务项目,962.5,国家税务总局泉州市税务局,未知,公开招标
677,北京市大兴区西红门医院中药配方颗粒供应及配套服务项目,北京市大兴区西红门医院中药配方颗粒供应及配套服务项目,260.0,北京市大兴区西红门医院,未知,公开招标
678,2025年医疗设备第八批采购项目(四次),2025年医疗设备第八批采购项目(四次),9.5,西南医科大学附属医院,未知,公开招标
679,2025年智慧茶园实践教学基地建设项目,2025年智慧茶园实践教学基地建设项目,119.7,宜宾学院,未知,公开招标
680,2025年数字孪生智慧农业及具身智能巡检产教融合平台,2025年数字孪生智慧农业及具身智能巡检产教融合平台,70.0,宜宾学院,未知,公开招标
681,2025年农林学部茶叶理化检测实验室建设项目,2025年农林学部茶叶理化检测实验室建设项目,149.8,宜宾学院,未知,公开招标
682,宁夏回族自治区中医医院（宁夏回族自治区中医研究院）设备更新换代建设项目(三、四、五标段),宁夏回族自治区中医医院（宁夏回族自治区中医研究院）设备更新换代建设项目(三、四、五标段),1030.0,宁夏回族自治区中医医院（宁夏回族自治区中医研究院）,未知,公开招标
683,方城县就业创业服务中心方城县零工市场2026年度至2028年度就业公共服务购买项目,方城县就业创业服务中心方城县零工市场2026年度至2028年度就业公共服务购买项目,255.0,方城县就业创业服务中心,未知,公开招标
684,天长市铜城镇第四轮环卫保洁服务采购项目,天长市铜城镇第四轮环卫保洁服务采购项目,850.0,天长市铜城镇人民政府,未知,公开招标
685,数智电商实训中心,数智电商实训中心,108.0,重庆工信职业学院,未知,公开招标
686,2025年医学装备采购计划（第二批）,2025年医学装备采购计划（第二批）,161.0,重庆市江津区中心医院,未知,公开招标
687,青海省第五人民医院2025年度信息类耗材采购服务项目（第四次）,青海省第五人民医院2025年度信息类耗材采购服务项目（第四次）,86.17,青海省第五人民医院,未知,公开招标
688,青海省妇女儿童医院眼科设备（包三、包四）（第二次）,青海省妇女儿童医院眼科设备（包三、包四）（第二次）,87.96,青海省妇女儿童医院,未知,公开招标
689,宕昌县2026年职业技能培训项目招标公告,宕昌县2026年职业技能培训项目招标公告,,未知,未知,公开招标
690,全国农作物病虫疫情监测中心北京分中心田间监测点建设项目其他农业和林业机械采购项目,全国农作物病虫疫情监测中心北京分中心田间监测点建设项目其他农业和林业机械采购项目,881.7,北京市植物保护站,未知,公开招标
691,云南大学附属医院检验系统升级改造项目,云南大学附属医院检验系统升级改造项目,128.0,云南大学附属医院,未知,公开招标
692,2025年天山区园林队追加智能灌溉系统采购,2025年天山区园林队追加智能灌溉系统采购,50.83,乌鲁木齐市天山区园林队,未知,公开招标
693,蒙自市人民医院2025年医疗设备采购项目(第二批）,蒙自市人民医院2025年医疗设备采购项目(第二批）,747.96,蒙自市人民医院,未知,公开招标
694,采购脉冲激光治疗仪等医疗设备一批采购项目合同包1(二次),采购脉冲激光治疗仪等医疗设备一批采购项目合同包1(二次),99.0,陕西省勉县医院,未知,公开招标
695,诸暨市姚江镇人民政府2026年度食堂物资采购项目,诸暨市姚江镇人民政府2026年度食堂物资采购项目,250.0,诸暨市姚江镇人民政府,未知,公开招标
696,福建理工大学人脸库平台采购项目,福建理工大学人脸库平台采购项目,60.0,福建理工大学,未知,公开招标
697,福州市马尾区消防救援大队食堂副食品定点采购项目,福州市马尾区消防救援大队食堂副食品定点采购项目,163.8,福州市马尾区消防救援大队,未知,公开招标
698,海洋综合数据AI计算子系统(海洋综合数据AI计算子平台）,海洋综合数据AI计算子系统(海洋综合数据AI计算子平台）,345.0,哈尔滨工业大学,未知,公开招标
699,新疆维吾尔自治区第三人民医院体检中心显卡采购项目（三次）,新疆维吾尔自治区第三人民医院体检中心显卡采购项目（三次）,3.0,新疆维吾尔自治区第三人民医院,未知,公开招标
700,安保服务采购项目,安保服务采购项目,443.52,赣州市妇幼保健院,未知,公开招标
701,哈尔滨医科大学附属第二医院6500系列四级杆-飞行时间液质联用仪维保服务单一来源公告,哈尔滨医科大学附属第二医院6500系列四级杆-飞行时间液质联用仪维保服务单一来源公告,,未知,未知,公开招标
702,九江技师学院精密测量实训室设备采购项目,九江技师学院精密测量实训室设备采购项目,179.0,九江技师学院,未知,公开招标
703,江西省人口信息管理系统集中建库项目包4,江西省人口信息管理系统集中建库项目包4,703.54,江西省公安厅本级,未知,公开招标
704,鹰潭市余江区总医院妇幼保健院院区整体搬迁-第二批医疗设备采购,鹰潭市余江区总医院妇幼保健院院区整体搬迁-第二批医疗设备采购,206.03,鹰潭市余江区妇幼保健院,未知,公开招标
705,科创楼功能教室装备,科创楼功能教室装备,210.0,江西省南康中学,未知,公开招标
706,教学模具,教学模具,217.0,江西省信丰县人民医院,未知,公开招标
707,萍乡市人民医院GE CT一批年保,萍乡市人民医院GE CT一批年保,360.0,萍乡市人民医院,未知,公开招标
708,萍乡市人民医院西门子CT一批年保采购项目,萍乡市人民医院西门子CT一批年保采购项目,600.0,萍乡市人民医院,未知,公开招标
709,石城县中医院手术室、胃肠镜中心仪器设备及配套设施采购项目,石城县中医院手术室、胃肠镜中心仪器设备及配套设施采购项目,320.0,石城县中医院,未知,公开招标
710,赣州市赣县区2024-2025年中央财政油茶产业发展示范奖补—油茶水肥一体化建设项目,赣州市赣县区2024-2025年中央财政油茶产业发展示范奖补—油茶水肥一体化建设项目,427.64,赣州市林业局赣县分局,未知,公开招标
711,万年县社区居家养老服务网络建设项目厨房设备采购,万年县社区居家养老服务网络建设项目厨房设备采购,422.47,万年县民政局,未知,公开招标
712,2026-2027年合作共建九江市科技成果转移转化中心采购项目,2026-2027年合作共建九江市科技成果转移转化中心采购项目,200.0,九江市科技局,未知,公开招标
713,南昌市洪都中医院采购体外冲击波治疗仪等设备一批项目,南昌市洪都中医院采购体外冲击波治疗仪等设备一批项目,239.5,南昌市洪都中医院,未知,公开招标
714,九江市第一人民医院活水院区功能提升建设项目-消化科一批设备采购项目,九江市第一人民医院活水院区功能提升建设项目-消化科一批设备采购项目,380.95,九江市第一人民医院,未知,公开招标
715,九江市第一人民医院活水院区功能提升建设项目-掺铥光纤激光治疗机采购项目,九江市第一人民医院活水院区功能提升建设项目-掺铥光纤激光治疗机采购项目,289.0,九江市第一人民医院,未知,公开招标
716,南昌市洪都中医院采购针刀镜等设备一批,南昌市洪都中医院采购针刀镜等设备一批,267.5,南昌市洪都中医院,未知,公开招标
717,中医设备采购,中医设备采购,113.0,德兴市卫生健康委员会,未知,公开招标
718,南昌市洪都中医院采购北院介入室医用数字减影血管造影设备（DSA）及配套设施项目,南昌市洪都中医院采购北院介入室医用数字减影血管造影设备（DSA）及配套设施项目,800.0,南昌市洪都中医院,未知,公开招标
719,婺源县生活垃圾分类全覆盖和处理设施建设项目城区垃圾分类设施采购,婺源县生活垃圾分类全覆盖和处理设施建设项目城区垃圾分类设施采购,429.69,婺源县城市管理局,未知,公开招标
720,上饶市人民医院采购手术器械一批项目,上饶市人民医院采购手术器械一批项目,234.0,上饶市人民医院,未知,公开招标
721,骨密度计算机辅助诊断系统等一批医疗设备采购,骨密度计算机辅助诊断系统等一批医疗设备采购,166.9,九江市中医医院,未知,公开招标
722,南昌健康职业技术学院口腔修复工艺技术实训室设备购置,南昌健康职业技术学院口腔修复工艺技术实训室设备购置,228.36,南昌健康职业技术学院,未知,公开招标
723,浦城县县域医共体资源共享中心和中心药房（共享中药房）—中心药房配套建设项目采购,浦城县县域医共体资源共享中心和中心药房（共享中药房）—中心药房配套建设项目采购,1339.7,浦城县医院,未知,公开招标
724,新疆维吾尔自治区第三人民医院临床腹部外科耗材采购项目（五次）,新疆维吾尔自治区第三人民医院临床腹部外科耗材采购项目（五次）,125.62,新疆维吾尔自治区第三人民医院,未知,公开招标
725,2026年春节双拥慰问品采购项目,2026年春节双拥慰问品采购项目,78.0,绍兴市退役军人事务局,未知,公开招标
726,府谷县能源局煤矿安全监控人员劳务派遣费用招标公告,府谷县能源局煤矿安全监控人员劳务派遣费用招标公告,,未知,未知,公开招标
727,云南省老年病医院物业管理服务政府采购项目,云南省老年病医院物业管理服务政府采购项目,129.8,云南省老年病医院,未知,公开招标
728,银川市西夏区第二十小学2025年义务教育薄弱环节改善和能力提升项目,银川市西夏区第二十小学2025年义务教育薄弱环节改善和能力提升项目,70.2,银川市西夏区第二十小学,未知,公开招标
729,梅州市政府储备冻猪肉2026-2028年度承储企业采购项目招标公告,梅州市政府储备冻猪肉2026-2028年度承储企业采购项目招标公告,,未知,未知,公开招标
730,哈尔滨医科大学附属第一医院CT核磁共振、彩超维保服务单一来源公告,哈尔滨医科大学附属第一医院CT核磁共振、彩超维保服务单一来源公告,,未知,未知,公开招标
731,彩色多普勒超声诊断仪,彩色多普勒超声诊断仪,245.0,仙桃市第一人民医院,未知,公开招标
732,胃肠镜摄像系统,胃肠镜摄像系统,210.0,仙桃市第一人民医院,未知,公开招标
733,衢州市公立医院改革与高质量发展示范项目-无人机血液配送保障项目（二次招标）,衢州市公立医院改革与高质量发展示范项目-无人机血液配送保障项目（二次招标）,347.0,衢州市中心血站,未知,公开招标
734,河北省未成年犯管教所2026年伙食采购计划,河北省未成年犯管教所2026年伙食采购计划,157.0,河北省未成年犯管教所,未知,公开招标
735,承德县乡镇及开发区2026年至2028年环境空气质量自动监测站运营维护项目,承德县乡镇及开发区2026年至2028年环境空气质量自动监测站运营维护项目,1021.27,承德市生态环境局承德县分局,未知,公开招标
736,邢台市南和区委机关物业服务项目,邢台市南和区委机关物业服务项目,65.0,中共邢台市南和区委机关后勤服务中心本级,未知,公开招标
737,邢台市南和区2025年度国土变更调查项目,邢台市南和区2025年度国土变更调查项目,52.0,邢台市南和区自然资源和规划局本级,未知,公开招标
738,公共安全视频监控建设联网应用“雪亮工程设备采购项目”,公共安全视频监控建设联网应用“雪亮工程设备采购项目”,62.82,秦皇岛市海港区发展服务中心本级,未知,公开招标
739,2025年度市城市区1：500、1：2000地形图更新维护及2023年1：500地名地址普查及建库,2025年度市城市区1：500、1：2000地形图更新维护及2023年1：500地名地址普查及建库,215.0,秦皇岛市自然资源和规划局本级,未知,公开招标
740,秦皇岛市出海作业渔船人员管理技防系统技术提升项目,秦皇岛市出海作业渔船人员管理技防系统技术提升项目,191.57,秦皇岛市海洋和渔业局本级,未知,公开招标
741,2026年河北省沧南监狱伙食物资政府采购,2026年河北省沧南监狱伙食物资政府采购,110.0,河北省沧南监狱,未知,公开招标
742,体外膜肺氧合（CEMO）,体外膜肺氧合（CEMO）,160.0,邢台市中心医院,未知,公开招标
743,医疗责任险（双盲评审）,医疗责任险（双盲评审）,65.0,唐山市中医医院,未知,公开招标
744,邢台市殡仪馆一般服务（延伸服务）项目,邢台市殡仪馆一般服务（延伸服务）项目,40.0,邢台市殡葬管理服务中心,未知,公开招标
745,邢台医学院皇寺校区宿舍楼等建设项目试验检测服务,邢台医学院皇寺校区宿舍楼等建设项目试验检测服务,59.71,邢台医学高等专科学校本级,未知,公开招标
746,管理助理、教学助理服务,管理助理、教学助理服务,920.0,河北大学,未知,公开招标
747,2026年广州空港经济区市政设施维护管养与治理服务项目招标公告,2026年广州空港经济区市政设施维护管养与治理服务项目招标公告,,未知,未知,公开招标
748,哈尔滨医科大学附属第一医院台式超声诊断仪采购项目招标公告,哈尔滨医科大学附属第一医院台式超声诊断仪采购项目招标公告,,未知,未知,公开招标
749,广西壮族自治区直属重点国有林区森林火灾高风险区综合治理项目(森林防火装备机具类),广西壮族自治区直属重点国有林区森林火灾高风险区综合治理项目(森林防火装备机具类),1331.63,广西壮族自治区森林消防装备服务中心,未知,公开招标
750,工业和信息化部电子第五研究所机架式负载租赁服务,工业和信息化部电子第五研究所机架式负载租赁服务,180.0,工业和信息化部电子第五研究所,未知,公开招标
751,2026年常州市河长制工作第三方巡查项目,2026年常州市河长制工作第三方巡查项目,100.0,常州市河道湖泊管理处,未知,公开招标
752,2025年学前教育补助资金实施幼儿园装备采购项目(二次),2025年学前教育补助资金实施幼儿园装备采购项目(二次),282.24,隆昌市教仪站,未知,公开招标
753,响水县响水镇卫生院悬吊型数字化X射线系统（DR)采购,响水县响水镇卫生院悬吊型数字化X射线系统（DR)采购,135.0,响水县响水镇卫生院,未知,公开招标
754,镇江市中级人民法院2026-2028年食堂服务采购,镇江市中级人民法院2026-2028年食堂服务采购,390.0,江苏省镇江市中级人民法院,未知,公开招标
755,上海市黄浦区绿化和市容管理局国有资产管理中心—2026年度金陵中路地下停车场物业管理项目,上海市黄浦区绿化和市容管理局国有资产管理中心—2026年度金陵中路地下停车场物业管理项目,235.58,上海市黄浦区绿化和市容管理局国有资产管理中心,未知,公开招标
756,违法及事故案件检验、鉴定服务项目,违法及事故案件检验、鉴定服务项目,337.0,上海市公安局闵行分局,未知,公开招标
757,中共上海市黄浦区委老干部局——2026年度物业管理,中共上海市黄浦区委老干部局——2026年度物业管理,163.18,中共上海市黄浦区委员会老干部局,未知,公开招标
758,上海市金山区枫泾镇社区卫生服务中心保洁服务项目,上海市金山区枫泾镇社区卫生服务中心保洁服务项目,166.0,上海市金山区枫泾镇社区卫生服务中心,未知,公开招标
759,上海市黄浦区人民政府外滩街道办事处—2026年度固守及整治项目（四包件）,上海市黄浦区人民政府外滩街道办事处—2026年度固守及整治项目（四包件）,624.0,上海市黄浦区人民政府外滩街道办事处（本级）,未知,公开招标
760,上海市金山区枫泾镇社区卫生服务中心保安服务,上海市金山区枫泾镇社区卫生服务中心保安服务,153.0,上海市金山区枫泾镇社区卫生服务中心,未知,公开招标
761,上海市黄浦区救助管理站——物业管理,上海市黄浦区救助管理站——物业管理,134.55,上海市黄浦区救助管理站,未知,公开招标
762,上海市黄浦区人民政府外滩街道办事处—2026年度固守及整治项目（四包件）,上海市黄浦区人民政府外滩街道办事处—2026年度固守及整治项目（四包件）,624.0,上海市黄浦区人民政府外滩街道办事处（本级）,未知,公开招标
763,青浦区电子政务云平台运维项目,青浦区电子政务云平台运维项目,210.0,上海市青浦区政务服务中心,未知,公开招标
764,阻燃实验室厂房租赁,阻燃实验室厂房租赁,129.0,福建省产品质量检验研究院,未知,公开招标
765,农业农村部北办公区保安服务采购项目,农业农村部北办公区保安服务采购项目,482.04,农业农村部机关服务局,未知,公开招标
766,滁州市第五人民医院中草药采购项目,滁州市第五人民医院中草药采购项目,80.0,滁州市第五人民医院,未知,公开招标
767,北京大学人民医院2026年钢木质家具采购项目,北京大学人民医院2026年钢木质家具采购项目,253.6,北京大学人民医院(北京大学第二临床医学院),未知,公开招标
768,雅安市区域性综合应急救援基地应急救援能力提升项目第三轮采购(四次),雅安市区域性综合应急救援基地应急救援能力提升项目第三轮采购(四次),695.6,雅安市应急管理局,未知,公开招标
769,中山市人民医院2025-2027年辅助岗位服务外包招标公告,中山市人民医院2025-2027年辅助岗位服务外包招标公告,,未知,未知,公开招标
770,国家税务总局新丰县税务局2026年2月至2027年1月食堂食材配送服务项目,国家税务总局新丰县税务局2026年2月至2027年1月食堂食材配送服务项目,145.0,国家税务总局新丰县税务局,未知,公开招标
771,大理州金沙江、红河干流入河排污口“查、测、溯”项目,大理州金沙江、红河干流入河排污口“查、测、溯”项目,100.0,大理白族自治州生态环境局,未知,公开招标
772,云南省公安厅毒品实验室分析仪器设备采购项目,云南省公安厅毒品实验室分析仪器设备采购项目,668.5,云南省公安厅,未知,公开招标
773,昆明市第三人民医院全自动分枝杆菌培养监测仪等设备采购项目（三次）,昆明市第三人民医院全自动分枝杆菌培养监测仪等设备采购项目（三次）,43.0,昆明市第三人民医院,未知,公开招标
774,2025年家具采购(二次),2025年家具采购(二次),195.34,永泰县公安局,未知,公开招标
775,食堂食材、杂项采购项目采购包6(三次),食堂食材、杂项采购项目采购包6(三次),150.0,陕西省人民医院,未知,公开招标
776,山西省肿瘤医院病理科全自动组织脱水机采购,山西省肿瘤医院病理科全自动组织脱水机采购,102.0,山西省肿瘤医院,未知,公开招标
777,太原市园林局龙城大街打通工程配套绿化工程养护项目,太原市园林局龙城大街打通工程配套绿化工程养护项目,168.01,太原市园林局,未知,公开招标
778,零星维修服务采购项目,零星维修服务采购项目,200.0,隆昌市人民医院,未知,公开招标
779,厦门市同安区税务局2026年食堂食材配送服务,厦门市同安区税务局2026年食堂食材配送服务,206.0,国家税务总局厦门市同安区税务局,未知,公开招标
780,四川大学华西口腔医院智能药品柜采购项目,四川大学华西口腔医院智能药品柜采购项目,90.0,四川大学华西口腔医院,未知,公开招标
781,鹰潭公安处刑事技术装备设备项目采购,鹰潭公安处刑事技术装备设备项目采购,41.0,南昌铁路公安局鹰潭公安处,未知,公开招标
782,宁陵县城市管理局宁陵县环卫基础设施设备更新项目（第一批）项目,宁陵县城市管理局宁陵县环卫基础设施设备更新项目（第一批）项目,4430.52,宁陵县城市管理局,未知,公开招标
783,高速百通道信号管理系统,高速百通道信号管理系统,98.0,四川大学华西口腔医院,未知,公开招标
784,临汾市疾病预防控制中心微生物质谱仪、数据处理器购置项目,临汾市疾病预防控制中心微生物质谱仪、数据处理器购置项目,86.5,临汾市疾病预防控制中心,未知,公开招标
785,补充水文地质调查钻探,补充水文地质调查钻探,553.0,上海市规划和自然资源局,未知,公开招标
786,补充水文地质调查钻探,补充水文地质调查钻探,553.0,上海市规划和自然资源局,未知,公开招标
787,超高温超高压高含酸性气体油气PVT测试仪项目,超高温超高压高含酸性气体油气PVT测试仪项目,200.0,中国石油大学（华东）,未知,公开招标
788,中国石油大学（华东）高比例新能源电力系统动态模拟装置采购项目,中国石油大学（华东）高比例新能源电力系统动态模拟装置采购项目,120.0,中国石油大学（华东）,未知,公开招标
789,中国科学院国家授时中心激光测月望远镜系统和收发光路改造以及控制测量软件升级项目,中国科学院国家授时中心激光测月望远镜系统和收发光路改造以及控制测量软件升级项目,140.0,中国科学院国家授时中心,未知,公开招标
790,荆门市2026年度应用软件（限于信息安全软件）封闭式框架协议采购项目,荆门市2026年度应用软件（限于信息安全软件）封闭式框架协议采购项目,0.1,荆门市公共资源交易中心,未知,公开招标
791,浙江中医药大学富春校区南区食堂厨房设备采购,浙江中医药大学富春校区南区食堂厨房设备采购,700.0,浙江中医药大学,未知,公开招标
792,碧海观山花园社康中心医疗设备采购项目,碧海观山花园社康中心医疗设备采购项目,285.64,深圳市深汕特别合作区公共事业局（本级）,未知,公开招标
793,深圳市建筑工务署2026年度建设项目安全检查评价服务,深圳市建筑工务署2026年度建设项目安全检查评价服务,600.0,深圳市建筑工务署,未知,公开招标
794,深圳市宝安区石岩人民医院眼科白内障超声乳化治疗仪采购项目,深圳市宝安区石岩人民医院眼科白内障超声乳化治疗仪采购项目,110.0,深圳市宝安区石岩人民医院,未知,公开招标
795,中华人民共和国深圳海事局2026年度海事政务辅助工作服务项目,中华人民共和国深圳海事局2026年度海事政务辅助工作服务项目,414.0,中华人民共和国深圳海事局,未知,公开招标
796,阿婆髻垃圾填埋场治理项目全过程监督性监测、技术支撑和实施效果评价服务,阿婆髻垃圾填埋场治理项目全过程监督性监测、技术支撑和实施效果评价服务,299.59,深圳市宝安区市容环境综合管理服务中心,未知,公开招标
797,月球环境钻具式温差发电模拟测试系统,月球环境钻具式温差发电模拟测试系统,160.0,深圳大学,未知,公开招标
798,深圳市龙岗区第二人民医院康复等设备采购,深圳市龙岗区第二人民医院康复等设备采购,176.4,深圳市龙岗区第二人民医院,未知,公开招标
799,深圳市龙岗区第二人民医院批量集中采购电子胃肠镜采购,深圳市龙岗区第二人民医院批量集中采购电子胃肠镜采购,359.84,深圳市龙岗区第二人民医院,未知,公开招标
800,食堂餐费-深圳市北部水源工程管理处食材配送服务（重新采购第1次）,食堂餐费-深圳市北部水源工程管理处食材配送服务（重新采购第1次）,113.56,深圳市北部水源工程管理处,未知,公开招标
801,北京城市副中心国土空间近期规划及实施工作方案（2026年—2030年）,北京城市副中心国土空间近期规划及实施工作方案（2026年—2030年）,300.08,北京城市副中心管理委员会（本级）,未知,公开招标
802,深圳市福田区外国语学校福保校区安保服务项目,深圳市福田区外国语学校福保校区安保服务项目,132.25,深圳市福田区外国语学校（福保）,未知,公开招标
803,深圳市龙岗区第二人民医院批量集中采购电子胃肠镜采购,深圳市龙岗区第二人民医院批量集中采购电子胃肠镜采购,347.0,深圳市龙岗区第二人民医院,未知,公开招标
804,深圳市龙岗中心医院激光治疗仪采购,深圳市龙岗中心医院激光治疗仪采购,330.0,深圳市龙岗中心医院,未知,公开招标
805,国资委物资机关服务中心月坛北街25号院综合整治项目（二期）施工采购项目,国资委物资机关服务中心月坛北街25号院综合整治项目（二期）施工采购项目,4976.82,国务院国有资产监督管理委员会物资机关服务中心(国务院国有资产监督管理委员会物资机关服务局),未知,公开招标
806,“坪山益企行”综合服务平台项目工程建设服务项目,“坪山益企行”综合服务平台项目工程建设服务项目,554.79,深圳市坪山区政务服务和数据管理局,未知,公开招标
807,清华大学东主楼综合维修改造项目监理采购项目,清华大学东主楼综合维修改造项目监理采购项目,223.7,清华大学,未知,公开招标
808,国资委物资机关服务中心月坛北街25号院综合整治项目（二期）工程监理采购项目,国资委物资机关服务中心月坛北街25号院综合整治项目（二期）工程监理采购项目,120.31,国务院国有资产监督管理委员会物资机关服务中心(国务院国有资产监督管理委员会物资机关服务局),未知,公开招标
809,深圳市龙华区观湖街道办事处交通协管员项目,深圳市龙华区观湖街道办事处交通协管员项目,150.0,深圳市龙华区观湖街道办事处,未知,公开招标
810,教学管理信息系统四期,教学管理信息系统四期,180.0,上海财经大学,未知,公开招标
811,2025年便携式支气管镜等一批设备采购项目,2025年便携式支气管镜等一批设备采购项目,146.8,四川省人民医院,未知,公开招标
812,河南中医药大学科研公共服务平台多组学研究升级建设项目,河南中医药大学科研公共服务平台多组学研究升级建设项目,455.0,河南中医药大学,未知,公开招标
813,云南省肿瘤医院2025年第一百零二批政府采购（住院医师规范化培训、研究生信息管理系统功能拓展+实习生管理系统项目 ）,云南省肿瘤医院2025年第一百零二批政府采购（住院医师规范化培训、研究生信息管理系统功能拓展+实习生管理系统项目 ）,28.8,云南省肿瘤医院,未知,公开招标
814,贵南县2026年向社会力量政府购买居家养老服务项目,贵南县2026年向社会力量政府购买居家养老服务项目,343.37,贵南县民政局（本级）,未知,公开招标
815,云南大学附属医院输血系统升级改造项目,云南大学附属医院输血系统升级改造项目,60.0,云南大学附属医院,未知,公开招标
816,云南省肿瘤医院2025年第九十三批政府采购（医学大模型AI服务平台(本地化部署方式)）,云南省肿瘤医院2025年第九十三批政府采购（医学大模型AI服务平台(本地化部署方式)）,408.5,云南省肿瘤医院,未知,公开招标
817,云南省肿瘤医院2025年第九十八批政府采购（实验室管理系统建设项目）,云南省肿瘤医院2025年第九十八批政府采购（实验室管理系统建设项目）,133.3,云南省肿瘤医院,未知,公开招标
818,云南大学附属医院药学监护系统采购项目,云南大学附属医院药学监护系统采购项目,70.0,云南大学附属医院,未知,公开招标
819,冰上项目训练基地运行维护综合管理项目（餐饮服务）,冰上项目训练基地运行维护综合管理项目（餐饮服务）,253.44,北京市冬季运动管理中心,未知,公开招标
820,榆阳区应急管理局消防车辆装备采购项目招标公告,榆阳区应急管理局消防车辆装备采购项目招标公告,,未知,未知,公开招标
821,诸暨市暨阳街道2026年度林业调查服务采购项目,诸暨市暨阳街道2026年度林业调查服务采购项目,60.0,诸暨市人民政府暨阳街道办事处,未知,公开招标
822,上海出版大楼17/18F配套库房升级改造项目专业设备采购项目,上海出版大楼17/18F配套库房升级改造项目专业设备采购项目,303.57,上海韬奋纪念馆,未知,公开招标
823,zycgr21070801真空快速热退火炉（2025--00492）项目,zycgr21070801真空快速热退火炉（2025--00492）项目,106.0,zycgr21070801,未知,公开招标
824,zycgr21070801电感耦合等离子体刻蚀机（介质）（2025--00490）项目,zycgr21070801电感耦合等离子体刻蚀机（介质）（2025--00490）项目,320.0,zycgr21070801,未知,公开招标
825,舞台设备,舞台设备,112.37,泸州市龙马潭区教育和体育局,未知,公开招标
826,杭州高级中学临平学校2026年物业管理服务采购项目,杭州高级中学临平学校2026年物业管理服务采购项目,727.0,杭州高级中学临平学校,未知,公开招标
827,16排X线计算机断层扫描仪采购项目(二次),16排X线计算机断层扫描仪采购项目(二次),150.0,资中县陈家镇卫生院,未知,公开招标
828,新宾实验幼儿园人力资源服务采购项目,新宾实验幼儿园人力资源服务采购项目,335.57,新宾满族自治县实验幼儿园,未知,公开招标
829,阳兴大道两侧提升绿化养护项目,阳兴大道两侧提升绿化养护项目,2915.54,太原市园林局,未知,公开招标
830,广西机器人产业技术基础公共服务平台建设项目（分标2重）,广西机器人产业技术基础公共服务平台建设项目（分标2重）,224.0,广西壮族自治区汽车与机械工程院,未知,公开招标
831,校园食品安全、食材集采、膳食经费与膳食营养数智化管理平台项目,校园食品安全、食材集采、膳食经费与膳食营养数智化管理平台项目,341.95,宽甸满族自治县招生考试委员会办公室（县教育发展服务中心）,未知,公开招标
832,武汉市第十一中学控制性详细规划调整论证服务,武汉市第十一中学控制性详细规划调整论证服务,60.0,武汉市硚口区住房和城市更新局,未知,公开招标
833,浑南区人社局普惠制就业培训机构2026年采购,浑南区人社局普惠制就业培训机构2026年采购,50.0,沈阳市浑南区人力资源和社会保障局,未知,公开招标
834,2026年东湖新技术开发区湖泊蓝线修编工作项目,2026年东湖新技术开发区湖泊蓝线修编工作项目,275.94,武汉东湖新技术开发区生态环境和水务湖泊局,未知,公开招标
835,研制生物质流化床加压气化系统,研制生物质流化床加压气化系统,410.0,中国科学院深圳先进技术研究院,未知,公开招标
836,上海市第一人民医院蚌埠医院设备采购项目（超声外科吸引系统）,上海市第一人民医院蚌埠医院设备采购项目（超声外科吸引系统）,200.0,蚌埠医学院第二附属医院,未知,公开招标
837,电子警察设备采购,电子警察设备采购,276.85,巴中市公安局交通管理支队,未知,公开招标
838,崇阳县山水林田湖草沙一体化保护和修复工程实施方案编制服务,崇阳县山水林田湖草沙一体化保护和修复工程实施方案编制服务,120.0,崇阳县自然资源和规划局,未知,公开招标
839,汉川经济开发区清洁乡村全域保洁市场化服务项目,汉川经济开发区清洁乡村全域保洁市场化服务项目,345.0,湖北汉川经济开发区管理委员会本级,未知,公开招标
840,许昌电气职业学院可再生能源系统安装与调试实训平台项目,许昌电气职业学院可再生能源系统安装与调试实训平台项目,100.0,许昌电气职业学院,未知,公开招标
841,2025年中国电科定点帮扶多媒体智慧黑板采购(二次),2025年中国电科定点帮扶多媒体智慧黑板采购(二次),200.0,叙永县教育和体育局,未知,公开招标
842,2026年道路清扫保洁及垃圾清运项目,2026年道路清扫保洁及垃圾清运项目,920.0,武汉市洪山区人民政府洪山街道办事处,未知,公开招标
843,西华县教育体育局学校食堂食材采购配送项目,西华县教育体育局学校食堂食材采购配送项目,30000.0,西华县教育体育局,未知,公开招标
844,昆明市儿童医院计算机、打印机运维服务,昆明市儿童医院计算机、打印机运维服务,142.0,昆明市儿童医院,未知,公开招标
845,2026年食堂食材采购项目(二次),2026年食堂食材采购项目(二次),90.0,成都市新都区人力资源和社会保障局,未知,公开招标
846,邓州市中心医院医疗设备购置项目,邓州市中心医院医疗设备购置项目,262.0,邓州市中心医院,未知,公开招标
847,扬州市公共资源交易中心电子档案管理系统项目,扬州市公共资源交易中心电子档案管理系统项目,90.0,扬州市公共资源交易中心,未知,公开招标
848,浙江大学医学院附属第一医院全伺服栓剂灌装生产线项目,浙江大学医学院附属第一医院全伺服栓剂灌装生产线项目,85.0,浙江大学医学院附属第一医院,未知,公开招标
849,淳安县左口乡人民政府垃圾清运采购项目,淳安县左口乡人民政府垃圾清运采购项目,80.0,淳安县左口乡人民政府,未知,公开招标
850,社会面治安监控维保项目（运维备件采购）,社会面治安监控维保项目（运维备件采购）,112.0,徐州市公安局,未知,公开招标
851,2025年西城区（大栅栏、牛街和陶然亭街道）增设违停智能抓拍及电子警察设备建设项目,2025年西城区（大栅栏、牛街和陶然亭街道）增设违停智能抓拍及电子警察设备建设项目,311.63,北京市西城区城市管理委员会（本级）,未知,","
852,2026年高新区政府投资项目测绘服务,2026年高新区政府投资项目测绘服务,71.0,常熟高新技术产业开发区管理委员会,未知,公开招标
853,高新区电子信息产业园突发水污染事件风险防控体系建设（智能化）,高新区电子信息产业园突发水污染事件风险防控体系建设（智能化）,95.93,常熟高新技术产业开发区管理委员会,未知,公开招标
854,南通市海门区人民医院采购电子支气管镜项目,南通市海门区人民医院采购电子支气管镜项目,280.0,南通市海门区人民医院,未知,公开招标
855,新丰中学体育馆电缆及动力柜采购项目,新丰中学体育馆电缆及动力柜采购项目,75.0,盐城市大丰区新丰中学,未知,公开招标
856,什邡市学校安防设施采购项目,什邡市学校安防设施采购项目,183.49,什邡市教育和体育局,未知,公开招标
857,滨江苑幼儿园、吴淞幼儿园、金光幼儿园的保安服务项目,滨江苑幼儿园、吴淞幼儿园、金光幼儿园的保安服务项目,546.0,苏州工业园区胜浦街道滨江苑幼儿园,未知,公开招标
858,福建省老年人体育工作中心新场馆及业务用房设施、设备器材采购项目,福建省老年人体育工作中心新场馆及业务用房设施、设备器材采购项目,72.88,福建省老年人体育工作中心,未知,公开招标
859,泉州幼儿师范高等专科学校物业服务采购项目(四次),泉州幼儿师范高等专科学校物业服务采购项目(四次),3300.0,泉州幼儿师范高等专科学校,未知,公开招标
860,盐城市第三人民医院血液透析机采购,盐城市第三人民医院血液透析机采购,130.0,盐城市第三人民医院,未知,公开招标
861,盐城市第三人民医院内镜电外科工作站采购,盐城市第三人民医院内镜电外科工作站采购,90.0,盐城市第三人民医院,未知,公开招标
862,江苏省中医院3D 4K腹腔镜系统项目,江苏省中医院3D 4K腹腔镜系统项目,160.0,江苏省中医院,未知,公开招标
863,社会面治安监控维保项目（运行维护）,社会面治安监控维保项目（运行维护）,248.0,徐州市公安局,未知,公开招标
864,安国湖国家湿地公园总体规划（2025-2035年）修编,安国湖国家湿地公园总体规划（2025-2035年）修编,70.0,沛县自然资源和规划局（机关）,未知,公开招标
865,盐池县农业机械化推广服务中心2025年地膜科学使用回收项目,盐池县农业机械化推广服务中心2025年地膜科学使用回收项目,60.0,盐池县农业机械化推广服务中心,未知,公开招标
866,镇江市公安局机房租赁服务,镇江市公安局机房租赁服务,1980.0,镇江市公安局,未知,公开招标
867,广州市黄花岗公园2026-2027年度安全保卫服务项目 [CZ2025-1607]招标公告,广州市黄花岗公园2026-2027年度安全保卫服务项目 [CZ2025-1607]招标公告,,未知,未知,公开招标
868,融媒体中心平台建设项目（二次）,融媒体中心平台建设项目（二次）,180.0,南京工业职业技术大学,未知,公开招标
869,东海县公安局（含交管大队）物业管理服务,东海县公安局（含交管大队）物业管理服务,186.42,东海县公安局,未知,公开招标
870,公路桥梁特殊检查四标,公路桥梁特殊检查四标,230.0,上海市道路运输事业发展中心,未知,公开招标
871,公路桥梁特殊检查三标,公路桥梁特殊检查三标,208.0,上海市道路运输事业发展中心,未知,公开招标
872,大田县重金属环境安全隐患排查整治行动服务采购项目,大田县重金属环境安全隐患排查整治行动服务采购项目,290.0,三明市大田生态环境局,未知,公开招标
873,吴江区殡仪馆殡葬用品采购项目,吴江区殡仪馆殡葬用品采购项目,116.85,苏州市吴江区殡仪馆,未知,公开招标
874,国家海洋综合试验场（珠海）建设项目三门岛区域地质灾害危险性评估项目招标公告,国家海洋综合试验场（珠海）建设项目三门岛区域地质灾害危险性评估项目招标公告,,未知,未知,公开招标
875,高压注射甲维盐对武夷山国家公园健康松树长期预防松材线虫病效果评估的研究项目,高压注射甲维盐对武夷山国家公园健康松树长期预防松材线虫病效果评估的研究项目,200.0,武夷山国家公园福建科研监测中心,未知,公开招标
876,如皋市人民医院洗衣房洗涤服务外包项目,如皋市人民医院洗衣房洗涤服务外包项目,156.07,如皋市人民医院,未知,公开招标
877,如东县洋口镇购买服务方式开展园区“空地一体”无人巡检工作项目,如东县洋口镇购买服务方式开展园区“空地一体”无人巡检工作项目,120.0,如东县洋口镇人民政府,未知,公开招标
878,建湖县消防救援大队食材供应项目,建湖县消防救援大队食材供应项目,360.0,建湖县消防救援大队,未知,公开招标
879,江苏省第二荣军优抚医院保洁绿化养护服务项目,江苏省第二荣军优抚医院保洁绿化养护服务项目,350.0,江苏省荣军医院,未知,公开招标
880,北京市顺义区住房和城乡建设委员会食堂供货项目2026年,北京市顺义区住房和城乡建设委员会食堂供货项目2026年,206.8,北京市顺义区住房和城乡建设委员会本级,未知,公开招标
881,南京市浦口区教育局机关食堂外包服务采购项目,南京市浦口区教育局机关食堂外包服务采购项目,270.0,南京市浦口区教育局（本级）,未知,公开招标
882,新沂市财政局室内电梯采购项目,新沂市财政局室内电梯采购项目,40.0,新沂市财政局（机关）,未知,公开招标
883,2025年县区监测能力提升项目（赣榆）,2025年县区监测能力提升项目（赣榆）,85.0,连云港市赣榆生态环境局,未知,公开招标
884,2026年鳌江镇零星交安设施日常维护项目,2026年鳌江镇零星交安设施日常维护项目,380.0,平阳县鳌江镇人民政府,未知,公开招标
885,连云港市妇幼保健院妇科宫腔镜刨削系统采购,连云港市妇幼保健院妇科宫腔镜刨削系统采购,190.0,连云港市妇幼保健院,未知,公开招标
886,中南大学湘雅二医院2025年第十八批体外诊断试剂入围遴选项目,中南大学湘雅二医院2025年第十八批体外诊断试剂入围遴选项目,0.0,中南大学湘雅二医院,未知,公开招标
887,兴化市环境卫生管理处移动式生活垃圾压缩设备维修服务,兴化市环境卫生管理处移动式生活垃圾压缩设备维修服务,200.0,兴化市环境卫生管理处,未知,公开招标
888,昭通市中医医院（总院）中心供氧机房提升改造项目,昭通市中医医院（总院）中心供氧机房提升改造项目,549.0,昭通市中医医院,未知,公开招标
889,江苏警官学院校园医疗托管服务,江苏警官学院校园医疗托管服务,214.0,江苏警官学院,未知,公开招标
890,港区海域使用论证报告编制及海域价格评估服务,港区海域使用论证报告编制及海域价格评估服务,90.0,江苏大丰港经济开发区管理委员会,未知,公开招标
891,多工位三维高精度控制与防护系统,多工位三维高精度控制与防护系统,240.0,zycgr24041501,未知,公开招标
892,中南大学湘雅二医院2025年一次性使用脑电传感器等耗材及配套产品入围遴选项目,中南大学湘雅二医院2025年一次性使用脑电传感器等耗材及配套产品入围遴选项目,0.0,中南大学湘雅二医院,未知,公开招标
893,硬X射线自由电子激光装置-800kW电子束流收集器,硬X射线自由电子激光装置-800kW电子束流收集器,850.0,上海科技大学,未知,公开招标
894,硬X射线自由电子激光装置-800kW电子束流收集器,硬X射线自由电子激光装置-800kW电子束流收集器,850.0,上海科技大学,未知,公开招标
895,亭林办事处养老助餐服务项目,亭林办事处养老助餐服务项目,423.68,昆山高新技术产业开发区管理委员会,未知,公开招标
896,新安街道居家养老服务中心运营项目,新安街道居家养老服务中心运营项目,285.0,无锡市新吴区人民政府新安街道办事处,未知,公开招标
897,河南中医药大学第一附属医院国家科技重大专项课题“补肾活血防治冠脉不完全血运重建相关胸痛的临床评价研究”全流程临床研究服务项目,河南中医药大学第一附属医院国家科技重大专项课题“补肾活血防治冠脉不完全血运重建相关胸痛的临床评价研究”全流程临床研究服务项目,215.0,河南中医药大学第一附属医院,未知,公开招标
898,华光锅炉厂经营性出让地块内区间道路及周边规划道路延伸至旺庄老街工程检测服务,华光锅炉厂经营性出让地块内区间道路及周边规划道路延伸至旺庄老街工程检测服务,117.0,无锡市新吴区人民政府旺庄街道办事处,未知,公开招标
899,徐州医科大学附属医院医疗Ai助理平台项目,徐州医科大学附属医院医疗Ai助理平台项目,300.0,徐州医科大学附属医院,未知,公开招标
900,2026-2027年度物业管理服务,2026-2027年度物业管理服务,513.65,苏州市市政管理中心,未知,公开招标
901,中南大学湘雅二医院2025年一次性使用磁定位标测导管等耗材及配套产品入围遴选项目,中南大学湘雅二医院2025年一次性使用磁定位标测导管等耗材及配套产品入围遴选项目,0.0,中南大学湘雅二医院,未知,公开招标
902,2024-H030地块厨房设备采购项目,2024-H030地块厨房设备采购项目,169.0,南通市通州区党风廉政建设教育中心,未知,公开招标
903,民和县2026年政府购买事务性服务加强基层社会救助经办服务能力工作,民和县2026年政府购买事务性服务加强基层社会救助经办服务能力工作,530.38,民和回族土族自治县民政局,未知,公开招标
904,光华东街食堂、滨江食堂食材供应服务项目,光华东街食堂、滨江食堂食材供应服务项目,580.0,江苏省产品质量监督检验研究院,未知,公开招标
905,固原市人民医院中医科舌脉象、经穴、体质辨识采集分析仪采购项目,固原市人民医院中医科舌脉象、经穴、体质辨识采集分析仪采购项目,86.0,固原市人民医院,未知,公开招标
906,医院电子病历六级升级改造项目,医院电子病历六级升级改造项目,700.0,常州市第一人民医院,未知,公开招标
907,2025年度医疗设备（第二批）,2025年度医疗设备（第二批）,279.8,松滋市人民医院,未知,公开招标
908,张家港市第五人民医院物业管理公开招标采购项目,张家港市第五人民医院物业管理公开招标采购项目,680.0,张家港市第五人民医院,未知,公开招标
909,中南大学湘雅二医院2025年消化内科、新生儿专科等部分耗材入围遴选项目,中南大学湘雅二医院2025年消化内科、新生儿专科等部分耗材入围遴选项目,0.0,中南大学湘雅二医院,未知,公开招标
910,硬X射线自由电子激光装置-焦耳级预放单元,硬X射线自由电子激光装置-焦耳级预放单元,1500.0,上海科技大学,未知,公开招标
911,硬X射线自由电子激光装置-焦耳级预放单元,硬X射线自由电子激光装置-焦耳级预放单元,1500.0,上海科技大学,未知,公开招标
912,常州三院公卫中心（含常州市医疗急救中心）公共卫生应急救治指挥平台及其他软硬件项目,常州三院公卫中心（含常州市医疗急救中心）公共卫生应急救治指挥平台及其他软硬件项目,70.0,常州市第三人民医院,未知,公开招标
913,武汉市洪山区行政审批局物业及立体停车库管理服务,武汉市洪山区行政审批局物业及立体停车库管理服务,350.0,武汉市洪山区行政审批局,未知,公开招标
914,2026至2028年度宁海县环境空气质量自动监测站运行维护服务项目,2026至2028年度宁海县环境空气质量自动监测站运行维护服务项目,390.0,宁波市生态环境局宁海分局,未知,公开招标
915,2025年大海线安全隐患整治工程安保服务采购项目,2025年大海线安全隐患整治工程安保服务采购项目,40.05,宁波市北仑区公路与运输管理中心,未知,公开招标
916,广河县2026年职业技能培训框架协议采购项目,广河县2026年职业技能培训框架协议采购项目,0.0,广河县人力资源和社会保障局,未知,公开招标
917,常州市第二人民医院心肺运动负荷试验仪器采购项目,常州市第二人民医院心肺运动负荷试验仪器采购项目,70.0,常州市第二人民医院,未知,公开招标
918,超声骨动力系统,超声骨动力系统,120.0,苏州大学附属第一医院,未知,公开招标
919,大冶市中医医院物业管理服务采购项目,大冶市中医医院物业管理服务采购项目,297.65,大冶市中医医院,未知,公开招标
920,平度市消防救援大队2026年食堂材料定点配送项目,平度市消防救援大队2026年食堂材料定点配送项目,414.45,平度市消防救援大队,未知,公开招标
921,黄陂区教育系统智慧食堂光纤链路及互联网出口带宽项目,黄陂区教育系统智慧食堂光纤链路及互联网出口带宽项目,104.47,武汉市黄陂区教育局,未知,公开招标
922,广安门医院保定医院医用气体采购项目,广安门医院保定医院医用气体采购项目,240.0,保定市第一中医院,未知,公开招标
923,医疗设备购置（第五批）,医疗设备购置（第五批）,354.0,保定市第二中心医院,未知,公开招标
924,安全设备维保服务项目,安全设备维保服务项目,67.5,河北省儿童医院,未知,公开招标
925,河北省儿童医院存储设备采购项目,河北省儿童医院存储设备采购项目,225.0,河北省儿童医院,未知,公开招标
926,景县教育局工会会员春节慰问品采购项目（2026）,景县教育局工会会员春节慰问品采购项目（2026）,190.7,景县教育局本级,未知,公开招标
927,2026年春节氛围营造项目,2026年春节氛围营造项目,2454.2,石家庄市城市照明管护中心,未知,公开招标
928,编制河北省再生水利用实施方案,编制河北省再生水利用实施方案,125.0,邢台市水务局本级,未知,公开招标
929,电子内窥镜系统采购项目,电子内窥镜系统采购项目,720.0,邢台市人民医院,未知,公开招标
930,石家庄市第四医院后勤物资采购项目,石家庄市第四医院后勤物资采购项目,400.84,石家庄市第四医院,未知,公开招标
931,交通管理支队执法停车场服务,交通管理支队执法停车场服务,10.0,徐州市公安局交通管理支队,未知,公开招标
932,盐城市公安局治安支队专门矫治教育智慧管理系统建设项目,盐城市公安局治安支队专门矫治教育智慧管理系统建设项目,75.21,盐城市公安局,未知,公开招标
933,常州市第二人民医院激光和脉冲工作站采购项目,常州市第二人民医院激光和脉冲工作站采购项目,170.0,常州市第二人民医院,未知,公开招标
934,宿松县“数字宿松”建设项目“数字应急”子项目,宿松县“数字宿松”建设项目“数字应急”子项目,567.87,宿松县应急管理局,未知,公开招标
935,常州市第三人民医院老院区空调末端和水系统维护,常州市第三人民医院老院区空调末端和水系统维护,60.0,常州市第三人民医院,未知,公开招标
936,连云港市第一人民医院胃肠镜标本、TCT辅助诊断项目,连云港市第一人民医院胃肠镜标本、TCT辅助诊断项目,50.0,连云港市第一人民医院,未知,公开招标
937,遂宁一中书台校区学生公寓床采购项目,遂宁一中书台校区学生公寓床采购项目,61.88,四川省遂宁市第一中学校,未知,公开招标
938,2025-2026年度常州市肿瘤医院医疗责任险、财产险项目,2025-2026年度常州市肿瘤医院医疗责任险、财产险项目,149.0,常州市肿瘤医院,未知,公开招标
939,英文期刊（DIT）出版服务,英文期刊（DIT）出版服务,102.6,江苏省血吸虫病防治研究所,未知,公开招标
940,伊宁市智慧民政平台运营项目,伊宁市智慧民政平台运营项目,33.54,伊宁市民政局,未知,公开招标
941,HRL325燃料电池系统测试设备租赁及配套用气采购项目（三次）,HRL325燃料电池系统测试设备租赁及配套用气采购项目（三次）,0.0,zycgr22011902,未知,公开招标
942,2025年度广东省战略性产业集群咨询机构项目(三次)招标公告,2025年度广东省战略性产业集群咨询机构项目(三次)招标公告,,未知,未知,公开招标
943,滆湖鲌类国家级水产种质资源保护区调整专题论证报告编制,滆湖鲌类国家级水产种质资源保护区调整专题论证报告编制,160.0,常州西太湖科技产业园管理委员会,未知,公开招标
944,海南大学科研仪器设备更新置换项目--南繁与热带高效农业创新平台（三）(二次),海南大学科研仪器设备更新置换项目--南繁与热带高效农业创新平台（三）(二次),650.4,海南大学,未知,公开招标
945,温州市鹿城区后京电镀基地清洁生产审核创新试点项目,温州市鹿城区后京电镀基地清洁生产审核创新试点项目,55.2,温州市生态环境局鹿城分局,未知,公开招标
946,高功率（30KW）激光-电弧复合智能焊接系统招标公告,高功率（30KW）激光-电弧复合智能焊接系统招标公告,,未知,未知,公开招标
947,南京艺术学院附属中等艺术学校三角钢琴采购,南京艺术学院附属中等艺术学校三角钢琴采购,347.0,南京艺术学院,未知,公开招标
948,厦门市新一轮第一批专精特新中小企业赋能服务,厦门市新一轮第一批专精特新中小企业赋能服务,225.0,厦门市工业和信息化局,未知,公开招标
949,夏邑县住房和城乡建设局2026年夏邑县农村生活污水处理站运维服务项目,夏邑县住房和城乡建设局2026年夏邑县农村生活污水处理站运维服务项目,396.0,夏邑县住房和城乡建设局,未知,公开招标
950,常州市第三人民医院污水处理托管服务项目,常州市第三人民医院污水处理托管服务项目,75.0,常州市第三人民医院,未知,公开招标
951,无锡市公安局滨湖分局2026年食堂原材料配送定点单位采购项目（第二次）,无锡市公安局滨湖分局2026年食堂原材料配送定点单位采购项目（第二次）,515.0,无锡市公安局滨湖分局（本级）,未知,公开招标
952,胡埭镇政府食堂外包服务,胡埭镇政府食堂外包服务,162.25,无锡市滨湖区胡埭镇人民政府,未知,公开招标
953,青海省妇女儿童医院儿保科设备（第二次）,青海省妇女儿童医院儿保科设备（第二次）,6.0,青海省妇女儿童医院,未知,公开招标
954,浦江县中山中学体育馆空调设备采购项目,浦江县中山中学体育馆空调设备采购项目,70.0,浦江县中山中学,未知,公开招标
955,滨海县人民医院数据中心运维采购项目,滨海县人民医院数据中心运维采购项目,300.0,滨海县人民医院,未知,公开招标
956,揭阳市揭东区2025年松材线虫病防治项目招标公告,揭阳市揭东区2025年松材线虫病防治项目招标公告,,未知,未知,公开招标
957,办公用品及耗材采购,办公用品及耗材采购,80.0,德阳市公安局,未知,公开招标
958,2026-2028年度新天地公园、文慧园、徐园、长河绿地公园保安服务项目,2026-2028年度新天地公园、文慧园、徐园、长河绿地公园保安服务项目,463.5,常州市武进区市政公用事业管理处,未知,公开招标
959,河南省水利厅河南省水利高程控制网普查和复测项目,河南省水利厅河南省水利高程控制网普查和复测项目,1135.0,河南省水利厅,未知,公开招标
960,新疆维吾尔自治区第三人民医院心内、脑病、血管介入耗材采购项目（22包、25包、26包、27包）,新疆维吾尔自治区第三人民医院心内、脑病、血管介入耗材采购项目（22包、25包、26包、27包）,128.49,新疆维吾尔自治区第三人民医院,未知,公开招标
961,新疆维吾尔自治区第三人民医院心内、脑病、血管介入耗材采购项目（21包、23包、24包、28包、29包、30包）,新疆维吾尔自治区第三人民医院心内、脑病、血管介入耗材采购项目（21包、23包、24包、28包、29包、30包）,131.52,新疆维吾尔自治区第三人民医院,未知,公开招标
962,河南省水利厅河南省卫共流域水文复核与工程建设方案研究项目,河南省水利厅河南省卫共流域水文复核与工程建设方案研究项目,400.0,河南省水利厅,未知,公开招标
963,国家知识产权局机关服务中心电梯和起重设备维保及大修服务项目,国家知识产权局机关服务中心电梯和起重设备维保及大修服务项目,178.0,国家知识产权局机关服务中心,未知,公开招标
964,中华人民共和国上海海关后勤管理中心陆家嘴物业管理服务项目,中华人民共和国上海海关后勤管理中心陆家嘴物业管理服务项目,716.0,中华人民共和国上海海关后勤管理中心,未知,公开招标
965,鄂城区财政局深化零基预算改革咨询服务采购项目,鄂城区财政局深化零基预算改革咨询服务采购项目,300.0,鄂州市鄂城区财政局本级,未知,公开招标
966,南京航空航天大学智能机器人创新实践平台采购项目,南京航空航天大学智能机器人创新实践平台采购项目,99.0,南京航空航天大学,未知,公开招标
967,物业管理服务采购项目,物业管理服务采购项目,440.85,北京市朝阳区小红门社区卫生服务中心,未知,公开招标
968,农安县合隆镇人民政府建设占用耕地耕作层土壤剥离项目验收报告编制单位封闭式框架协议征集项目,农安县合隆镇人民政府建设占用耕地耕作层土壤剥离项目验收报告编制单位封闭式框架协议征集项目,0.0,农安县合隆镇人民政府,未知,公开招标
969,国家税务总局淮安市税务局2026年机房运维服务项目,国家税务总局淮安市税务局2026年机房运维服务项目,33.0,国家税务总局淮安市税务局,未知,公开招标
970,中国民航大学互联网出口接入服务采购,中国民航大学互联网出口接入服务采购,84.0,中国民航大学,未知,公开招标
971,阳新县疾病预防控制中心螺旋CT采购项目,阳新县疾病预防控制中心螺旋CT采购项目,240.0,阳新县疾病预防控制中心,未知,公开招标
972,2025年景泰县人民医院医疗设备采购项目招标公告,2025年景泰县人民医院医疗设备采购项目招标公告,,未知,未知,公开招标
973,庄河市2026年乡镇（街道）民政服务站项目建设运营服务采购项目,庄河市2026年乡镇（街道）民政服务站项目建设运营服务采购项目,350.0,庄河市民政局,未知,公开招标
974,2026年温州市滨江区域（瓯江路）亮化示范区块维养服务,2026年温州市滨江区域（瓯江路）亮化示范区块维养服务,398.8,温州市鹿城区市政公用管理处,未知,公开招标
975,绍兴市中心血站2026物业管理项目,绍兴市中心血站2026物业管理项目,57.26,绍兴市中心血站,未知,公开招标
976,水稻绿色生态种植技术推广应用农用材料采购招标公告,水稻绿色生态种植技术推广应用农用材料采购招标公告,,未知,未知,公开招标
977,华中科技大学同济医学院附属同济医院生物分子相互作用仪采购项目,华中科技大学同济医学院附属同济医院生物分子相互作用仪采购项目,140.0,华中科技大学同济医学院附属同济医院,未知,公开招标
978,2026年数据传输链路租用项目,2026年数据传输链路租用项目,320.0,国家卫星海洋应用中心,未知,公开招标
979,东莞市殡仪馆其他殡葬用品供应资格商采购项目招标公告,东莞市殡仪馆其他殡葬用品供应资格商采购项目招标公告,,未知,未知,公开招标
980,银川市生态环境局银川市环境监测与执法办公楼、宁夏回族自治区生态环境监测中心物业服务（三年）项目,银川市生态环境局银川市环境监测与执法办公楼、宁夏回族自治区生态环境监测中心物业服务（三年）项目,150.0,银川市生态环境局,未知,公开招标
981,中国科学技术大学合肥先进光源国家重大科技基础设施项目-BPM主电缆短电缆组件及连接器,中国科学技术大学合肥先进光源国家重大科技基础设施项目-BPM主电缆短电缆组件及连接器,400.0,中国科学技术大学,未知,公开招标
982,中国科学技术大学合肥先进光源国家重大科技基础设施项目-加速器人身安全联锁系统,中国科学技术大学合肥先进光源国家重大科技基础设施项目-加速器人身安全联锁系统,128.0,中国科学技术大学,未知,公开招标
983,杭州市第一社会福利院（杭州市精神病人社会福利院）2026年物业管理服务项目,杭州市第一社会福利院（杭州市精神病人社会福利院）2026年物业管理服务项目,420.8,杭州市第一社会福利院（杭州市精神病人社会福利院）,未知,公开招标
984,诸暨市姚江镇治安巡查、安全保障、突发事件处置等工作的安全服务采购项目,诸暨市姚江镇治安巡查、安全保障、突发事件处置等工作的安全服务采购项目,200.0,诸暨市姚江镇人民政府,未知,公开招标
985,碾磨谷物及谷物加工品等货物采购项目,碾磨谷物及谷物加工品等货物采购项目,120.82,资阳市中心医院,未知,公开招标
986,芜湖江北新区城市排水(雨水)防涝综合规划(修编),芜湖江北新区城市排水(雨水)防涝综合规划(修编),97.0,皖江江北新兴产业集中区管委会,未知,公开招标
987,芜湖江北新区城市污水专项规划(修编),芜湖江北新区城市污水专项规划(修编),64.0,皖江江北新兴产业集中区管委会,未知,公开招标
988,广元市利州区2023年学前教育扩容提质工程教学设备采购,广元市利州区2023年学前教育扩容提质工程教学设备采购,210.0,广元市利州区教育局,未知,公开招标
989,2026年静安区消防救援支队物业管理项目,2026年静安区消防救援支队物业管理项目,479.96,静安区消防救援支队,未知,公开招标
990,古美路街道西片城市管理一体化养护服务项目（第二次）,古美路街道西片城市管理一体化养护服务项目（第二次）,2077.17,上海市闵行区古美路街道城市建设管理事务中心,未知,公开招标
991,闵行区2026年综合保税区展示中心物业服务采购项目,闵行区2026年综合保税区展示中心物业服务采购项目,249.0,上海市闵行区经济委员会,未知,公开招标
992,公路桥梁特殊检查二标,公路桥梁特殊检查二标,161.0,上海市道路运输事业发展中心,未知,公开招标
993,2026年上海市静安区图书馆物业管理服务,2026年上海市静安区图书馆物业管理服务,448.0,上海市静安区图书馆,未知,公开招标
994,上海海洋大学附属大团高级中学改扩建工程财务（投资）监理,上海海洋大学附属大团高级中学改扩建工程财务（投资）监理,148.29,浦东新区发展和改革委员会(本部),未知,公开招标
995,2026年静安区第一中心小学物业管理项目,2026年静安区第一中心小学物业管理项目,123.38,上海市静安区第一中心小学,未知,公开招标
996,古美路街道西片城市管理一体化养护服务项目（第二次）,古美路街道西片城市管理一体化养护服务项目（第二次）,2077.17,上海市闵行区古美路街道城市建设管理事务中心,未知,公开招标
997,上海市三林中学改扩建工程财务（投资）监理,上海市三林中学改扩建工程财务（投资）监理,258.41,浦东新区发展和改革委员会(本部),未知,公开招标
998,S26入城段高架定期检查,S26入城段高架定期检查,106.0,上海市道路运输事业发展中心,未知,公开招标
999,2026年度书院镇春节慰问品项目,2026年度书院镇春节慰问品项目,147.92,上海市浦东新区书院镇人民政府,未知,公开招标
1000,金山区吕巷镇2025年度镇村级河道疏浚项目,金山区吕巷镇2025年度镇村级河道疏浚项目,191.13,上海市金山区吕巷镇农业农村服务中心,未知,公开招标
